2R:28484738 AGAP013128-RA Lys44Arg	2R:28484755 AGAP013128-RA Phe38Leu	2R:28485871 AGAP002863-RA Ser374Asn	2R:28486120 AGAP002863-RA Ala291Asp	2R:28486181 AGAP002863-RA Pro271Ser	2R:28486249 AGAP002863-RA Lys248Arg	2R:28487654 AGAP002864-RA Ser459Gly	2R:28487822 AGAP002864-RA Gln403Glu	2R:28487860 AGAP002864-RA Ser390Phe	2R:28488144 AGAP002864-RA Ala317Ser	2R:28488162 AGAP002864-RA Gln311Lys	2R:28488243 AGAP002864-RA Val284Ile	2R:28488427 AGAP002864-RA Asp222Glu	2R:28488486 AGAP002864-RA Val203Ile	2R:28488615 AGAP002864-RA Val160Met	2R:28488638 AGAP002864-RA Ser152Leu	2R:28488665 AGAP002864-RA Glu143Val	2R:28488776 AGAP002864-RA Gly106Val	2R:28494247 AGAP002866-RA Glu434Lys	2R:28494384 AGAP002866-RA Ser388Thr	2R:28495384 AGAP002866-RA Val88Ile	2R:28495388 AGAP002866-RA Ile86Met	2R:28495539 AGAP002866-RA His36Arg	2R:28495540 AGAP002866-RA His36Tyr	2R:28495565 AGAP002866-RA Arg27Ser	2R:28495566 AGAP002866-RA Arg27Lys	2R:28495617 AGAP002866-RA Ala10Val	2R:28497678 AGAP002867-RA Ile333Val	2R:28497967 AGAP002867-RA Ile236Met	2R:28499354 AGAP002868-RA Arg476His	2R:28499468 AGAP002868-RA Asn438Thr	2R:28499923 AGAP002868-RA Val313Ile	2R:28499985 AGAP002868-RA Ala292Val	2R:28499993 AGAP002868-RA Glu289Asp	2R:28501326 AGAP002869-RA Tyr501Phe	2R:28501483 AGAP002869-RA Pro449Ser	2R:28501838 AGAP002869-RA Leu353Val	2R:28502113 AGAP002869-RA Arg261Gln	2R:28502303 AGAP002869-RA Arg198Ser	2R:28505186 AGAP002870-RA Ala211Thr	2R:28505514 AGAP002870-RA Asn101Lys	2R:28505722 AGAP002870-RA Gln32Pro	2R:28505783 AGAP002870-RA Thr12Ala
	0.6205263157894737	0.8598003629764065	-0.507177033492823	0.8621766280107047	0.8598003629764065	0.9562818336162988	-0.7535885167464115	-0.3223684210526316	-0.3223684210526316	0.7535885167464115	0.7490253411306043	0.8130671506352087	-0.4191729323308271	-0.09649122807017543	0.9165991902834008	-0.09649122807017543	-0.37449392712550605	0.9571725571725572	0.11965811965811966	0.7342621259029928	0.8729440789473685	0.7342621259029928	0.8644736842105263	0.8192982456140351	0.8251273344651953	-0.4917763157894737	-0.6385964912280702	0.5482456140350878	0.5121052631578947	-0.0013850415512465374	0.5663157894736842	0.7814091680814941	-0.4191729323308271	0.8305921052631579	0.5121052631578947	0.6261343012704175	-0.2607655502392344	0.5875286041189931	-0.1659919028340081	0.5121052631578947	-0.6127819548872181	0.8729440789473685
0.6205263157894737		0.6795555555555556	0.6254545454545455	0.6722727272727272	0.6795555555555556	0.4975609756097561	0.4381818181818182	0.485	0.485	0.7425	0.7057142857142857	0.7253333333333334	0.2642857142857143	0.31333333333333335	0.5121052631578947	0.31333333333333335	0.36615384615384616	0.5545945945945946	0.42777777777777776	0.7226923076923077	0.6302564102564102	0.7226923076923077	0.6646511627906977	0.7125581395348837	0.6985365853658536	0.2275	0.7253333333333334	0.8380503144654088	0.8056603773584906	-0.07944389275074479	0.8056603773584906	0.6482926829268293	0.2642857142857143	0.5774358974358974	0.7667924528301887	0.6795555555555556	0.2509090909090909	0.7887612797374898	0.36615384615384616	0.8445283018867924	0.4114285714285714	0.5246153846153846
0.8598003629764065	0.6795555555555556		-0.37575757575757573	0.5560344827586207	0.5264367816091954	0.7834314550042052	-0.37575757575757573	-0.046296296296296294	-0.046296296296296294	0.458989898989899	0.44897119341563785	0.5264367816091954	-0.01904761904761905	-0.08444444444444445	0.7663339382940109	-0.08444444444444445	0.04376657824933687	0.8080149114631874	0.210727969348659	0.910239651416122	0.863395225464191	0.910239651416122	0.710906174819567	0.6696070569366479	0.7401177460050462	0.33405172413793105	-0.08444444444444445	0.6662037037037037	0.6337777777777778	0.1588021778584392	0.6337777777777778	0.6968040370058873	-0.1007936507936508	0.8178603006189213	0.588	0.5264367816091954	0.03134796238244514	0.6516908212560386	0.3169761273209549	0.588	-0.346031746031746	0.726790450928382
-0.507177033492823	0.6254545454545455	-0.37575757575757573		0.5238828967642527	0.677115987460815	-0.08647450110864745	0.8982213438735178	-0.2196969696969697	-0.2196969696969697	0.31900826446280994	0.3063973063973064	-0.16767676767676767	-0.33116883116883117	-0.37575757575757573	-0.507177033492823	-0.37575757575757573	-0.27972027972027974	-0.7469287469287469	0.008556149732620321	0.6327985739750446	-0.5198135198135199	0.6327985739750446	0.37575757575757573	0.2196969696969697	0.24486803519061584	0.5694879832810867	0.893595041322314	0.4147727272727273	0.4381818181818182	0.10822510822510822	0.4381818181818182	0.093841642228739	0.5006060606060606	-0.7599067599067599	0.4381818181818182	-0.5838383838383838	0.08399209486166008	0.7964426877470355	0.4797979797979798	0.4381818181818182	0.3687436159346272	-0.7599067599067599
0.8621766280107047	0.6722727272727272	0.5560344827586207	0.5238828967642527		0.9596394984326019	0.829681686647375	0.5238828967642527	-0.2196969696969697	-0.2196969696969697	0.7446280991735538	0.73989898989899	0.5963949843260188	-0.16396103896103897	-0.06363636363636363	0.9081177520071365	-0.06363636363636363	-0.27972027972027974	0.9528172240036646	-0.08964646464646464	0.7704991087344029	0.7761842677096914	0.7704991087344029	0.7564052029956642	0.7158060701616082	0.7871021083092187	-0.2684659090909091	0.18531073446327684	0.5610795454545454	0.5318181818181819	-0.2607655502392344	0.5786363636363636	0.8722612649855312	-0.08035714285714286	0.7761842677096914	0.5318181818181819	0.39459247648902823	-0.3615702479338843	0.6437747035573123	0.05997392438070404	0.5318181818181819	0.1271186440677966	0.8209474141677532
0.8598003629764065	0.6795555555555556	0.5264367816091954	0.677115987460815	0.9596394984326019		0.8267451640033642	0.5156739811912225	-0.046296296296296294	-0.046296296296296294	0.7086868686868687	0.7032921810699588	0.6053639846743295	-0.01904761904761905	0.052873563218390804	0.8598003629764065	0.052873563218390804	-0.11965811965811966	0.9040074557315937	0.013409961685823755	0.775599128540305	0.726790450928382	0.775599128540305	0.7522052927024859	0.6696070569366479	0.7401177460050462	0.0010775862068965517	0.2896551724137931	0.5708333333333333	0.5422222222222223	-0.1567251461988304	0.588	0.8267451640033642	0.04864532019704434	0.7723253757736517	0.5422222222222223	0.3685823754789272	-0.16767676767676767	0.6516908212560386	0.04376657824933687	0.5422222222222223	0.11206896551724138	0.7723253757736517
0.9562818336162988	0.4975609756097561	0.7834314550042052	-0.08647450110864745	0.829681686647375	0.8267451640033642		-0.08647450110864745	-0.16260162601626016	-0.16260162601626016	0.7716186252771619	0.7673893405600722	0.8267451640033642	0.05069124423963134	0.0032258064516129032	1.0	0.0032258064516129032	-0.03377110694183865	1.0	0.07706093189964158	0.6551889048302247	0.8722084367245657	0.6551889048302247	0.790650406504065	0.7069105691056911	0.7163650668764752	-0.057926829268292686	-0.4975609756097561	0.4242886178861789	0.39707317073170734	0.12563667232597622	0.4473170731707317	0.7974036191974823	-0.10278745644599303	0.8722084367245657	0.39707317073170734	0.5668629100084104	-0.08647450110864745	0.5630965005302226	-0.03377110694183865	0.39707317073170734	-0.4616724738675958	0.9148056244830438
-0.7535885167464115	0.4381818181818182	-0.37575757575757573	0.8982213438735178	0.5238828967642527	0.5156739811912225	-0.08647450110864745		-0.2196969696969697	-0.2196969696969697	0.31900826446280994	0.3063973063973064	-0.37575757575757573	0.05311542390194075	-0.37575757575757573	-0.507177033492823	-0.37575757575757573	0.06363636363636363	-0.7469287469287469	-0.4797979797979798	0.6327985739750446	-0.5198135198135199	0.6327985739750446	0.2196969696969697	0.2196969696969697	0.24486803519061584	0.5694879832810867	0.893595041322314	0.4147727272727273	0.4381818181818182	0.10822510822510822	0.4381818181818182	0.093841642228739	0.5006060606060606	-0.5198135198135199	0.4381818181818182	-0.37575757575757573	-0.1487603305785124	0.7964426877470355	0.4797979797979798	0.4381818181818182	0.3687436159346272	-0.5198135198135199
-0.3223684210526316	0.485	-0.046296296296296294	-0.2196969696969697	-0.2196969696969697	-0.046296296296296294	-0.16260162601626016	-0.2196969696969697		1.0	0.5318181818181819	0.5231481481481481	0.5560344827586207	1.0	1.0	-0.3223684210526316	1.0	1.0	-0.30405405405405406	0.8990196078431373	-0.009615384615384616	-0.33974358974358976	-0.009615384615384616	-0.4011627906976744	-0.001937984496124031	-0.3719512195121951	0.11206896551724138	0.02462121212121212	0.10590277777777778	0.14166666666666666	0.6934523809523809	0.14166666666666666	-0.16260162601626016	1.0	-0.11965811965811966	0.14166666666666666	0.5560344827586207	0.6913086913086913	0.44021739130434784	0.046296296296296294	0.31333333333333335	0.6142322097378277	-0.33974358974358976
-0.3223684210526316	0.485	-0.046296296296296294	-0.2196969696969697	-0.2196969696969697	-0.046296296296296294	-0.16260162601626016	-0.2196969696969697	1.0		0.5318181818181819	0.5231481481481481	0.5560344827586207	1.0	1.0	-0.3223684210526316	1.0	1.0	-0.30405405405405406	0.8990196078431373	-0.009615384615384616	-0.33974358974358976	-0.009615384615384616	-0.4011627906976744	-0.001937984496124031	-0.3719512195121951	0.11206896551724138	0.02462121212121212	0.10590277777777778	0.14166666666666666	0.6934523809523809	0.14166666666666666	-0.16260162601626016	1.0	-0.11965811965811966	0.14166666666666666	0.5560344827586207	0.6913086913086913	0.44021739130434784	0.046296296296296294	0.31333333333333335	0.6142322097378277	-0.33974358974358976
0.7535885167464115	0.7425	0.458989898989899	0.31900826446280994	0.7446280991735538	0.7086868686868687	0.7716186252771619	0.31900826446280994	0.5318181818181819	0.5318181818181819		1.0	0.9583838383838383	0.4649350649350649	0.5006060606060606	0.8521531100478469	0.5006060606060606	0.42377622377622376	0.8481572481572481	0.2717171717171717	0.45302287581699346	0.7118881118881119	0.45302287581699346	0.695137420718816	0.7386892177589852	0.7259423503325942	-0.1953125	0.12606060606060607	0.59765625	0.5708333333333333	0.014354066985645933	0.61375	0.634589800443459	0.2642857142857143	0.7118881118881119	0.5708333333333333	0.7086868686868687	0.1487603305785124	0.6734601449275363	-0.33974358974358976	0.61375	0.4649350649350649	0.8079254079254079
0.7490253411306043	0.7057142857142857	0.44897119341563785	0.3063973063973064	0.73989898989899	0.7032921810699588	0.7673893405600722	0.3063973063973064	0.5231481481481481	0.5231481481481481	1.0		0.9576131687242798	0.455026455026455	0.49135802469135803	0.8494152046783626	0.49135802469135803	0.4131054131054131	0.8453453453453453	0.25823045267489714	0.46418567426970786	0.7065527065527065	0.46418567426970786	0.6894918173987942	0.7338501291989664	0.7208672086720868	-0.21173469387755103	0.10987654320987654	0.6058673469387755	0.5375510204081633	-0.004296455424274973	0.5795918367346938	0.6743450767841012	0.3187830687830688	0.7554605887939221	0.5375510204081633	0.745679012345679	0.132996632996633	0.6344276841171251	-0.19152276295133439	0.5795918367346938	0.455026455026455	0.8532763532763533
0.8130671506352087	0.7253333333333334	0.5264367816091954	-0.16767676767676767	0.5963949843260188	0.6053639846743295	0.8267451640033642	-0.37575757575757573	0.5560344827586207	0.5560344827586207	0.9583838383838383	0.9576131687242798		0.49261083743842365	0.5264367816091954	0.8598003629764065	0.5264367816091954	0.4535809018567639	0.8560111835973905	0.40804597701149425	0.41655773420479303	0.726790450928382	0.41655773420479303	0.58700882117081	0.58700882117081	0.5668629100084104	0.0010775862068965517	-0.3896296296296296	0.5708333333333333	0.5422222222222223	0.1588021778584392	0.588	0.6534903280067283	0.11206896551724138	0.726790450928382	0.5422222222222223	0.7237547892720306	0.3542319749216301	0.6516908212560386	-0.29572649572649573	0.588	-0.01904761904761905	0.8178603006189213
-0.4191729323308271	0.2642857142857143	-0.01904761904761905	-0.33116883116883117	-0.16396103896103897	-0.01904761904761905	0.05069124423963134	0.05311542390194075	1.0	1.0	0.4649350649350649	0.455026455026455	0.49261083743842365		0.8327922077922078	-0.22556390977443608	0.8327922077922078	1.0	-0.20463320463320464	0.7403361344537815	-0.009615384615384616	-0.2454212454212454	-0.009615384615384616	-0.31561461794019935	-0.14451827242524917	-0.4616724738675958	0.15435139573070608	-0.01904761904761905	0.08035714285714286	0.11714285714285715	0.6496598639455783	0.11714285714285715	-0.10278745644599303	1.0	0.08035714285714286	0.11714285714285715	0.49261083743842365	0.6843718079673136	0.36024844720496896	0.020743301642178046	0.2642857142857143	0.5040128410914928	-0.056776556776556776
-0.09649122807017543	0.31333333333333335	-0.08444444444444445	-0.37575757575757573	-0.06363636363636363	0.052873563218390804	0.0032258064516129032	-0.37575757575757573	1.0	1.0	0.5006060606060606	0.49135802469135803	0.5264367816091954	0.8327922077922078		-0.09649122807017543	1.0	0.909965034965035	-0.07207207207207207	0.9192156862745098	-0.07564102564102564	-0.29572649572649573	-0.07564102564102564	-0.3612403100775194	-0.04186046511627907	-0.3300813008130081	0.052873563218390804	-0.08444444444444445	-0.0012121212121212121	0.03866666666666667	0.5095238095238095	0.03866666666666667	-0.16260162601626016	0.7253333333333334	-0.11965811965811966	0.03866666666666667	0.40804597701149425	0.6807851239669421	0.2536231884057971	0.009615384615384616	0.176	0.49837662337662336	-0.11965811965811966
0.9165991902834008	0.5121052631578947	0.7663339382940109	-0.507177033492823	0.9081177520071365	0.8598003629764065	1.0	-0.507177033492823	-0.3223684210526316	-0.3223684210526316	0.8521531100478469	0.8494152046783626	0.8598003629764065	-0.22556390977443608	-0.09649122807017543		-0.09649122807017543	-0.37449392712550605	1.0	-0.09649122807017543	0.6279669762641898	0.915296052631579	0.6279669762641898	0.8644736842105263	0.8192982456140351	0.8251273344651953	-0.4917763157894737	-0.6385964912280702	0.43530701754385964	0.4036842105263158	-0.1440443213296399	0.45789473684210524	0.8688455008488964	-0.3223684210526316	0.8729440789473685	0.4036842105263158	0.5794010889292196	-0.507177033492823	0.528604118993135	-0.1659919028340081	0.4036842105263158	-0.6127819548872181	0.915296052631579
-0.09649122807017543	0.31333333333333335	-0.08444444444444445	-0.37575757575757573	-0.06363636363636363	0.052873563218390804	0.0032258064516129032	-0.37575757575757573	1.0	1.0	0.5006060606060606	0.49135802469135803	0.5264367816091954	0.8327922077922078	1.0	-0.09649122807017543		0.909965034965035	-0.07207207207207207	0.9192156862745098	-0.07564102564102564	-0.29572649572649573	-0.07564102564102564	-0.3612403100775194	-0.04186046511627907	-0.3300813008130081	0.052873563218390804	-0.08444444444444445	-0.0012121212121212121	0.03866666666666667	0.5095238095238095	0.03866666666666667	-0.16260162601626016	0.7253333333333334	-0.11965811965811966	0.03866666666666667	0.40804597701149425	0.6807851239669421	0.2536231884057971	0.009615384615384616	0.176	0.49837662337662336	-0.11965811965811966
-0.37449392712550605	0.36615384615384616	0.04376657824933687	-0.27972027972027974	-0.27972027972027974	-0.11965811965811966	-0.03377110694183865	0.06363636363636363	1.0	1.0	0.42377622377622376	0.4131054131054131	0.4535809018567639	1.0	0.909965034965035	-0.37449392712550605	0.909965034965035		-0.3575883575883576	0.8135746606334842	0.06787330316742081	-0.3905325443786982	0.06787330316742081	-0.4472271914132379	-0.07871198568872988	-0.4202626641651032	0.18037135278514588	0.009615384615384616	0.17467948717948717	0.2076923076923077	0.717032967032967	0.2076923076923077	-0.2270168855534709	1.0	0.009615384615384616	0.2076923076923077	0.5901856763925729	0.6878787878787879	0.48327759197324416	0.03162393162393162	0.36615384615384616	0.5548833189282627	-0.1873767258382643
0.9571725571725572	0.5545945945945946	0.8080149114631874	-0.7469287469287469	0.9528172240036646	0.9040074557315937	1.0	-0.7469287469287469	-0.30405405405405406	-0.30405405405405406	0.8481572481572481	0.8453453453453453	0.8560111835973905	-0.20463320463320464	-0.07207207207207207	1.0	-0.07207207207207207	-0.3575883575883576		-0.07207207207207207	0.6724960254372019	0.9130067567567568	0.6724960254372019	0.8608108108108108	0.8144144144144144	0.8204010462074979	-0.652027027027027	-0.8144144144144144	0.4780405405405405	0.44324324324324327	-0.267425320056899	0.49891891891891893	0.8653007846556233	-0.4034749034749035	0.9130067567567568	0.44324324324324327	0.6160298229263746	-0.49385749385749383	0.5158636897767332	-0.3575883575883576	0.44324324324324327	-0.6023166023166023	0.9565033783783784
0.11965811965811966	0.42777777777777776	0.210727969348659	0.008556149732620321	-0.08964646464646464	0.013409961685823755	0.07706093189964158	-0.4797979797979798	0.8990196078431373	0.8990196078431373	0.2717171717171717	0.25823045267489714	0.40804597701149425	0.7403361344537815	0.9192156862745098	-0.09649122807017543	0.9192156862745098	0.8135746606334842	-0.07207207207207207		-0.009615384615384616	0.016493055555555556	-0.009615384615384616	-0.06847545219638243	0.046296296296296294	-0.16260162601626016	0.015441176470588236	-0.23703703703703705	0.046296296296296294	0.08444444444444445	0.5231481481481481	-0.02830188679245283	-0.16260162601626016	0.6185185185185185	-0.26638176638176636	-0.02830188679245283	0.210727969348659	0.7796791443850267	0.1292270531400966	0.16108597285067874	0.31333333333333335	0.48067226890756304	-0.11965811965811966
0.7342621259029928	0.7226923076923077	0.910239651416122	0.6327985739750446	0.7704991087344029	0.775599128540305	0.6551889048302247	0.6327985739750446	-0.009615384615384616	-0.009615384615384616	0.45302287581699346	0.46418567426970786	0.41655773420479303	-0.009615384615384616	-0.07564102564102564	0.6279669762641898	-0.07564102564102564	0.06787330316742081	0.6724960254372019	-0.009615384615384616		0.7410759175465058	1.0	0.8121295029639762	0.7651618787049703	0.8522238163558106	0.6213235294117647	0.730718954248366	0.7936698717948718	0.7226923076923077	0.043343653250773995	0.7226923076923077	0.8029650884744142	0.13445378151260504	0.7928607340372046	0.683076923076923	0.5063180827886711	-0.09965034965034965	0.7416387959866221	0.5339366515837104	0.6434615384615384	0.13445378151260504	0.637506284565108
0.8729440789473685	0.6302564102564102	0.863395225464191	-0.5198135198135199	0.7761842677096914	0.726790450928382	0.8722084367245657	-0.5198135198135199	-0.33974358974358976	-0.33974358974358976	0.7118881118881119	0.7065527065527065	0.726790450928382	-0.2454212454212454	-0.29572649572649573	0.915296052631579	-0.29572649572649573	-0.3905325443786982	0.9130067567567568	0.016493055555555556	0.7410759175465058		0.7410759175465058	0.955982905982906	0.911965811965812	0.9148056244830438	-0.5048076923076923	-0.4717948717948718	0.5598290598290598	0.5246153846153846	-0.02699055330634278	0.5246153846153846	0.8722084367245657	-0.33974358974358976	0.8762019230769231	0.4717948717948718	0.6357206012378426	-0.5198135198135199	0.5981047937569677	0.009615384615384616	0.5246153846153846	-0.6227106227106227	0.7936698717948718
0.7342621259029928	0.7226923076923077	0.910239651416122	0.6327985739750446	0.7704991087344029	0.775599128540305	0.6551889048302247	0.6327985739750446	-0.009615384615384616	-0.009615384615384616	0.45302287581699346	0.46418567426970786	0.41655773420479303	-0.009615384615384616	-0.07564102564102564	0.6279669762641898	-0.07564102564102564	0.06787330316742081	0.6724960254372019	-0.009615384615384616	1.0	0.7410759175465058		0.8121295029639762	0.7651618787049703	0.8522238163558106	0.6213235294117647	0.730718954248366	0.7936698717948718	0.7226923076923077	0.043343653250773995	0.7226923076923077	0.8029650884744142	0.13445378151260504	0.7928607340372046	0.683076923076923	0.5063180827886711	-0.09965034965034965	0.7416387959866221	0.5339366515837104	0.6434615384615384	0.13445378151260504	0.637506284565108
0.8644736842105263	0.6646511627906977	0.710906174819567	0.37575757575757573	0.7564052029956642	0.7522052927024859	0.790650406504065	0.2196969696969697	-0.4011627906976744	-0.4011627906976744	0.695137420718816	0.6894918173987942	0.58700882117081	-0.31561461794019935	-0.3612403100775194	0.8644736842105263	-0.3612403100775194	-0.4472271914132379	0.8608108108108108	-0.06847545219638243	0.8121295029639762	0.955982905982906	0.8121295029639762		0.92015503875969	1.0	-0.4011627906976744	0.08444444444444445	0.6506782945736435	0.6167441860465116	0.0061403508771929825	0.6167441860465116	0.748780487804878	-0.058970099667774084	0.8239316239316239	0.5688372093023256	0.504410585404972	-0.346723044397463	0.6875631951466128	-0.2629695885509839	0.5688372093023256	0.01904761904761905	0.735897435897436
0.8192982456140351	0.7125581395348837	0.6696070569366479	0.2196969696969697	0.7158060701616082	0.6696070569366479	0.7069105691056911	0.2196969696969697	-0.001937984496124031	-0.001937984496124031	0.7386892177589852	0.7338501291989664	0.58700882117081	-0.14451827242524917	-0.04186046511627907	0.8192982456140351	-0.04186046511627907	-0.07871198568872988	0.8144144144144144	0.046296296296296294	0.7651618787049703	0.911965811965812	0.7651618787049703	0.92015503875969		1.0	-0.5508720930232558	0.08444444444444445	0.7005813953488372	0.6646511627906977	0.0061403508771929825	0.6646511627906977	0.7069105691056911	-0.058970099667774084	0.7799145299145299	0.6167441860465116	0.58700882117081	-0.5644820295983086	0.7396359959555107	-0.2629695885509839	0.6167441860465116	0.01904761904761905	0.735897435897436
0.8251273344651953	0.6985365853658536	0.7401177460050462	0.24486803519061584	0.7871021083092187	0.7401177460050462	0.7163650668764752	0.24486803519061584	-0.3719512195121951	-0.3719512195121951	0.7259423503325942	0.7208672086720868	0.5668629100084104	-0.4616724738675958	-0.3300813008130081	0.8251273344651953	-0.3300813008130081	-0.4202626641651032	0.8204010462074979	-0.16260162601626016	0.8522238163558106	0.9148056244830438	0.8522238163558106	1.0	1.0		-0.5289634146341463	0.11397849462365592	0.6859756097560976	0.6482926829268293	-0.07445442875481387	0.6482926829268293	0.7163650668764752	-0.19250871080139373	0.7870140612076096	0.5980487804878049	0.5668629100084104	-0.5432372505543237	0.7269353128313892	-0.2270168855534709	0.5980487804878049	0.05069124423963134	0.7018196856906534
-0.4917763157894737	0.2275	0.33405172413793105	0.5694879832810867	-0.2684659090909091	0.0010775862068965517	-0.057926829268292686	0.5694879832810867	0.11206896551724138	0.11206896551724138	-0.1953125	-0.21173469387755103	0.0010775862068965517	0.15435139573070608	0.052873563218390804	-0.4917763157894737	0.052873563218390804	0.18037135278514588	-0.652027027027027	0.015441176470588236	0.6213235294117647	-0.5048076923076923	0.6213235294117647	-0.4011627906976744	-0.5508720930232558	-0.5289634146341463		0.6053639846743295	0.3294270833333333	0.35625	0.31026785714285715	0.35625	-0.057926829268292686	0.485	-0.33974358974358976	0.35625	-0.14166666666666666	0.13897596656217345	0.720108695652174	0.6357206012378426	0.2275	-0.08035714285714286	-0.5048076923076923
-0.6385964912280702	0.7253333333333334	-0.08444444444444445	0.893595041322314	0.18531073446327684	0.2896551724137931	-0.4975609756097561	0.893595041322314	0.02462121212121212	0.02462121212121212	0.12606060606060607	0.10987654320987654	-0.3896296296296296	-0.01904761904761905	-0.08444444444444445	-0.6385964912280702	-0.08444444444444445	0.009615384615384616	-0.8144144144144144	-0.23703703703703705	0.730718954248366	-0.4717948717948718	0.730718954248366	0.08444444444444445	0.08444444444444445	0.11397849462365592	0.6053639846743295		0.5708333333333333	0.588	0.01904761904761905	0.588	-0.16260162601626016	0.5422222222222223	-0.6478632478632479	0.588	-0.3896296296296296	-0.37575757575757573	0.8507246376811595	0.7298951048951049	0.588	0.24756493506493507	-0.8239316239316239
0.5482456140350878	0.8380503144654088	0.6662037037037037	0.4147727272727273	0.5610795454545454	0.5708333333333333	0.4242886178861789	0.4147727272727273	0.10590277777777778	0.10590277777777778	0.59765625	0.6058673469387755	0.5708333333333333	0.08035714285714286	-0.0012121212121212121	0.43530701754385964	-0.0012121212121212121	0.17467948717948717	0.4780405405405405	0.046296296296296294	0.7936698717948718	0.5598290598290598	0.7936698717948718	0.6506782945736435	0.7005813953488372	0.6859756097560976	0.3294270833333333	0.5708333333333333		1.0	0.3223684210526316	1.0	0.5813008130081301	0.31026785714285715	0.6148504273504274	0.9595125786163522	0.7615740740740741	0.2196969696969697	0.8778656126482214	0.17467948717948717	0.8785377358490566	0.3869047619047619	0.5598290598290598
0.5121052631578947	0.8056603773584906	0.6337777777777778	0.4381818181818182	0.5318181818181819	0.5422222222222223	0.39707317073170734	0.4381818181818182	0.14166666666666666	0.14166666666666666	0.5708333333333333	0.5375510204081633	0.5422222222222223	0.11714285714285715	0.03866666666666667	0.4036842105263158	0.03866666666666667	0.2076923076923077	0.44324324324324327	0.08444444444444445	0.7226923076923077	0.5246153846153846	0.7226923076923077	0.6167441860465116	0.6646511627906977	0.6482926829268293	0.35625	0.588	1.0		0.24105263157894738	0.9611320754716981	0.4975609756097561	0.2642857142857143	0.5246153846153846	0.9611320754716981	0.7253333333333334	0.2509090909090909	0.9577522559474979	0.04923076923076923	0.8833962264150943	0.4114285714285714	0.4717948717948718
-0.0013850415512465374	-0.07944389275074479	0.1588021778584392	0.10822510822510822	-0.2607655502392344	-0.1567251461988304	0.12563667232597622	0.10822510822510822	0.6934523809523809	0.6934523809523809	0.014354066985645933	-0.004296455424274973	0.1588021778584392	0.6496598639455783	0.5095238095238095	-0.1440443213296399	0.5095238095238095	0.717032967032967	-0.267425320056899	0.5231481481481481	0.043343653250773995	-0.02699055330634278	0.043343653250773995	0.0061403508771929825	0.0061403508771929825	-0.07445442875481387	0.31026785714285715	0.01904761904761905	0.3223684210526316	0.24105263157894738		0.3494736842105263	-0.07445442875481387	0.7108771929824561	-0.1659919028340081	0.24105263157894738	0.25226860254083483	0.8885281385281385	0.6464530892448512	0.1510989010989011	0.024210526315789474	0.5620748299319728	-0.1659919028340081
0.5663157894736842	0.8056603773584906	0.6337777777777778	0.4381818181818182	0.5786363636363636	0.588	0.4473170731707317	0.4381818181818182	0.14166666666666666	0.14166666666666666	0.61375	0.5795918367346938	0.588	0.11714285714285715	0.03866666666666667	0.45789473684210524	0.03866666666666667	0.2076923076923077	0.49891891891891893	-0.02830188679245283	0.7226923076923077	0.5246153846153846	0.7226923076923077	0.6167441860465116	0.6646511627906977	0.6482926829268293	0.35625	0.588	1.0	0.9611320754716981	0.3494736842105263		0.5478048780487805	0.2642857142857143	0.5774358974358974	0.9611320754716981	0.7253333333333334	0.2509090909090909	0.9577522559474979	0.04923076923076923	0.8445283018867924	0.4114285714285714	0.5246153846153846
0.7814091680814941	0.6482926829268293	0.6968040370058873	0.093841642228739	0.8722612649855312	0.8267451640033642	0.7974036191974823	0.093841642228739	-0.16260162601626016	-0.16260162601626016	0.634589800443459	0.6743450767841012	0.6534903280067283	-0.10278745644599303	-0.16260162601626016	0.8688455008488964	-0.16260162601626016	-0.2270168855534709	0.8653007846556233	-0.16260162601626016	0.8029650884744142	0.8722084367245657	0.8029650884744142	0.748780487804878	0.7069105691056911	0.7163650668764752	-0.057926829268292686	-0.16260162601626016	0.5813008130081301	0.4975609756097561	-0.07445442875481387	0.5478048780487805		-0.19250871080139373	0.8722084367245657	0.4975609756097561	0.5668629100084104	-0.3148558758314856	0.672322375397667	0.3610421836228288	0.4975609756097561	-0.4616724738675958	0.7870140612076096
-0.4191729323308271	0.2642857142857143	-0.1007936507936508	0.5006060606060606	-0.08035714285714286	0.04864532019704434	-0.10278745644599303	0.5006060606060606	1.0	1.0	0.2642857142857143	0.3187830687830688	0.11206896551724138	1.0	0.7253333333333334	-0.3223684210526316	0.7253333333333334	1.0	-0.4034749034749035	0.6185185185185185	0.13445378151260504	-0.33974358974358976	0.13445378151260504	-0.058970099667774084	-0.058970099667774084	-0.19250871080139373	0.485	0.5422222222222223	0.31026785714285715	0.2642857142857143	0.7108771929824561	0.2642857142857143	-0.19250871080139373		-0.1510989010989011	0.2642857142857143	0.11206896551724138	1.0	0.5201863354037267	0.4717948717948718	0.4114285714285714	1.0	-0.2454212454212454
0.8305921052631579	0.5774358974358974	0.8178603006189213	-0.7599067599067599	0.7761842677096914	0.7723253757736517	0.8722084367245657	-0.5198135198135199	-0.11965811965811966	-0.11965811965811966	0.7118881118881119	0.7554605887939221	0.726790450928382	0.08035714285714286	-0.11965811965811966	0.8729440789473685	-0.11965811965811966	0.009615384615384616	0.9130067567567568	-0.26638176638176636	0.7928607340372046	0.8762019230769231	0.7928607340372046	0.8239316239316239	0.7799145299145299	0.7870140612076096	-0.33974358974358976	-0.6478632478632479	0.6148504273504274	0.5246153846153846	-0.1659919028340081	0.5774358974358974	0.8722084367245657	-0.1510989010989011		0.5246153846153846	0.726790450928382	-0.5198135198135199	0.5981047937569677	-0.1873767258382643	0.5246153846153846	-0.6227106227106227	0.8762019230769231
0.5121052631578947	0.7667924528301887	0.588	0.4381818181818182	0.5318181818181819	0.5422222222222223	0.39707317073170734	0.4381818181818182	0.14166666666666666	0.14166666666666666	0.5708333333333333	0.5375510204081633	0.5422222222222223	0.11714285714285715	0.03866666666666667	0.4036842105263158	0.03866666666666667	0.2076923076923077	0.44324324324324327	-0.02830188679245283	0.683076923076923	0.4717948717948718	0.683076923076923	0.5688372093023256	0.6167441860465116	0.5980487804878049	0.35625	0.588	0.9595125786163522	0.9611320754716981	0.24105263157894738	0.9611320754716981	0.4975609756097561	0.2642857142857143	0.5246153846153846		0.7711111111111111	0.2509090909090909	1.0	0.04923076923076923	0.8833962264150943	0.4114285714285714	0.4717948717948718
0.6261343012704175	0.6795555555555556	0.5264367816091954	-0.5838383838383838	0.39459247648902823	0.3685823754789272	0.5668629100084104	-0.37575757575757573	0.5560344827586207	0.5560344827586207	0.7086868686868687	0.745679012345679	0.7237547892720306	0.49261083743842365	0.40804597701149425	0.5794010889292196	0.40804597701149425	0.5901856763925729	0.6160298229263746	0.210727969348659	0.5063180827886711	0.6357206012378426	0.5063180827886711	0.504410585404972	0.58700882117081	0.5668629100084104	-0.14166666666666666	-0.3896296296296296	0.7615740740740741	0.7253333333333334	0.25226860254083483	0.7253333333333334	0.5668629100084104	0.11206896551724138	0.726790450928382	0.7711111111111111		0.5156739811912225	0.8507246376811595	-0.29572649572649573	0.7711111111111111	0.23891625615763548	0.6812555260831122
-0.2607655502392344	0.2509090909090909	0.03134796238244514	0.08399209486166008	-0.3615702479338843	-0.16767676767676767	-0.08647450110864745	-0.1487603305785124	0.6913086913086913	0.6913086913086913	0.1487603305785124	0.132996632996633	0.3542319749216301	0.6843718079673136	0.6807851239669421	-0.507177033492823	0.6807851239669421	0.6878787878787879	-0.49385749385749383	0.7796791443850267	-0.09965034965034965	-0.5198135198135199	-0.09965034965034965	-0.346723044397463	-0.5644820295983086	-0.5432372505543237	0.13897596656217345	-0.37575757575757573	0.2196969696969697	0.2509090909090909	0.8885281385281385	0.2509090909090909	-0.3148558758314856	1.0	-0.5198135198135199	0.2509090909090909	0.5156739811912225		0.3893280632411067	-0.27972027972027974	0.4381818181818182	0.8947906026557712	-0.5198135198135199
0.5875286041189931	0.7887612797374898	0.6516908212560386	0.7964426877470355	0.6437747035573123	0.6516908212560386	0.5630965005302226	0.7964426877470355	0.44021739130434784	0.44021739130434784	0.6734601449275363	0.6344276841171251	0.6516908212560386	0.36024844720496896	0.2536231884057971	0.528604118993135	0.2536231884057971	0.48327759197324416	0.5158636897767332	0.1292270531400966	0.7416387959866221	0.5981047937569677	0.7416387959866221	0.6875631951466128	0.7396359959555107	0.7269353128313892	0.720108695652174	0.8507246376811595	0.8778656126482214	0.9577522559474979	0.6464530892448512	0.9577522559474979	0.672322375397667	0.5201863354037267	0.5981047937569677	1.0	0.8507246376811595	0.3893280632411067		0.48327759197324416	0.8732567678424938	0.5201863354037267	0.48327759197324416
-0.1659919028340081	0.36615384615384616	0.3169761273209549	0.4797979797979798	0.05997392438070404	0.04376657824933687	-0.03377110694183865	0.4797979797979798	0.046296296296296294	0.046296296296296294	-0.33974358974358976	-0.19152276295133439	-0.29572649572649573	0.020743301642178046	0.009615384615384616	-0.1659919028340081	0.009615384615384616	0.03162393162393162	-0.3575883575883576	0.16108597285067874	0.5339366515837104	0.009615384615384616	0.5339366515837104	-0.2629695885509839	-0.2629695885509839	-0.2270168855534709	0.6357206012378426	0.7298951048951049	0.17467948717948717	0.04923076923076923	0.1510989010989011	0.04923076923076923	0.3610421836228288	0.4717948717948718	-0.1873767258382643	0.04923076923076923	-0.29572649572649573	-0.27972027972027974	0.48327759197324416		0.2076923076923077	-0.4340659340659341	-0.3905325443786982
0.5121052631578947	0.8445283018867924	0.588	0.4381818181818182	0.5318181818181819	0.5422222222222223	0.39707317073170734	0.4381818181818182	0.31333333333333335	0.31333333333333335	0.61375	0.5795918367346938	0.588	0.2642857142857143	0.176	0.4036842105263158	0.176	0.36615384615384616	0.44324324324324327	0.31333333333333335	0.6434615384615384	0.5246153846153846	0.6434615384615384	0.5688372093023256	0.6167441860465116	0.5980487804878049	0.2275	0.588	0.8785377358490566	0.8833962264150943	0.024210526315789474	0.8445283018867924	0.4975609756097561	0.4114285714285714	0.5246153846153846	0.8833962264150943	0.7711111111111111	0.4381818181818182	0.8732567678424938	0.2076923076923077		0.5585714285714286	0.4717948717948718
-0.6127819548872181	0.4114285714285714	-0.346031746031746	0.3687436159346272	0.1271186440677966	0.11206896551724138	-0.4616724738675958	0.3687436159346272	0.6142322097378277	0.6142322097378277	0.4649350649350649	0.455026455026455	-0.01904761904761905	0.5040128410914928	0.49837662337662336	-0.6127819548872181	0.49837662337662336	0.5548833189282627	-0.6023166023166023	0.48067226890756304	0.13445378151260504	-0.6227106227106227	0.13445378151260504	0.01904761904761905	0.01904761904761905	0.05069124423963134	-0.08035714285714286	0.24756493506493507	0.3869047619047619	0.4114285714285714	0.5620748299319728	0.4114285714285714	-0.4616724738675958	1.0	-0.6227106227106227	0.4114285714285714	0.23891625615763548	0.8947906026557712	0.5201863354037267	-0.4340659340659341	0.5585714285714286		-0.6227106227106227
0.8729440789473685	0.5246153846153846	0.726790450928382	-0.7599067599067599	0.8209474141677532	0.7723253757736517	0.9148056244830438	-0.5198135198135199	-0.33974358974358976	-0.33974358974358976	0.8079254079254079	0.8532763532763533	0.8178603006189213	-0.056776556776556776	-0.11965811965811966	0.915296052631579	-0.11965811965811966	-0.1873767258382643	0.9565033783783784	-0.11965811965811966	0.637506284565108	0.7936698717948718	0.637506284565108	0.735897435897436	0.735897435897436	0.7018196856906534	-0.5048076923076923	-0.8239316239316239	0.5598290598290598	0.4717948717948718	-0.1659919028340081	0.5246153846153846	0.7870140612076096	-0.2454212454212454	0.8762019230769231	0.4717948717948718	0.6812555260831122	-0.5198135198135199	0.48327759197324416	-0.3905325443786982	0.4717948717948718	-0.6227106227106227	
