chr	POS	REF	ALT	gene_eff	PEP_eff	CDS_eff	is_nonsyn	index	UGS	all
2R	28481881	G	A	AGAP002862-RA	Ile228Ile	684C>T	False	1178949	0.6504854368932039	0.6504854368932039
2R	28481888	G	A	AGAP002862-RA	Ala226Val	677C>T	True	1178950	0.014563106796116505	0.014563106796116505
2R	28481894	G	A	AGAP002862-RA	Ala224Val	671C>T	True	1178951	0.014563106796116505	0.014563106796116505
2R	28481902	A	G	AGAP002862-RA	Asn221Asn	663T>C	False	1178952	0.6796116504854369	0.6796116504854369
2R	28481923	A	G	AGAP002862-RA	Phe214Phe	642T>C	False	1178953	0.9805825242718447	0.9805825242718447
2R	28481938	A	G	AGAP002862-RA	Ile209Ile	627T>C	False	1178954	0.9805825242718447	0.9805825242718447
2R	28481974	A	G	AGAP002862-RA	Asn197Asn	591T>C	False	1178955	0.970873786407767	0.970873786407767
2R	28481985	A	G	AGAP002862-RA	Leu194Leu	580T>C	False	1178956	0.9854368932038835	0.9854368932038835
2R	28482477	C	T	AGAP002862-RA	Ala30Thr	88G>A	True	1178957	0.043689320388349516	0.043689320388349516
2R	28483508	G	A	AGAP013128-RA	Ser433Ser	1299C>T	False	1178958	0.03398058252427184	0.03398058252427184
2R	28484080	T	C	AGAP013128-RA	Glu263Glu	789A>G	False	1178959	0.06796116504854369	0.06796116504854369
2R	28484122	C	T	AGAP013128-RA	Leu249Leu	747G>A	False	1178960	0.038834951456310676	0.038834951456310676
2R	28484125	C	T	AGAP013128-RA	Pro248Pro	744G>A	False	1178961	0.9757281553398058	0.9757281553398058
2R	28484128	C	T	AGAP013128-RA	Arg247Arg	741G>A	False	1178962	0.9757281553398058	0.9757281553398058
2R	28484276	C	T	AGAP013128-RA	Gly198Glu	593G>A	True	1178963	0.014563106796116505	0.014563106796116505
2R	28484284	G	A	AGAP013128-RA	Leu195Leu	585C>T	False	1178964	0.024271844660194174	0.024271844660194174
2R	28484293	A	G	AGAP013128-RA	Cys192Cys	576T>C	False	1178965	0.9757281553398058	0.9757281553398058
2R	28484305	A	G	AGAP013128-RA	Phe188Phe	564T>C	False	1178966	0.014563106796116505	0.014563106796116505
2R	28484308	G	C	AGAP013128-RA	Ala187Ala	561C>G	False	1178967	0.014563106796116505	0.014563106796116505
2R	28484322	C	T	AGAP013128-RA	Val183Ile	547G>A	True	1178968	0.014563106796116505	0.014563106796116505
2R	28484350	T	C	AGAP013128-RA	Leu173Leu	519A>G	False	1178969	0.8640776699029126	0.8640776699029126
2R	28484407	C	T	AGAP013128-RA	Glu154Glu	462G>A	False	1178970	0.024271844660194174	0.024271844660194174
2R	28484515	G	A	AGAP013128-RA	Phe118Phe	354C>T	False	1178971	0.014563106796116505	0.014563106796116505
2R	28484532	G	A	AGAP013128-RA	Leu113Leu	337C>T	False	1178972	0.02912621359223301	0.02912621359223301
2R	28484558	A	T	AGAP013128-RA	Met104Lys	311T>A	True	1178973	0.02912621359223301	0.02912621359223301
2R	28484559	T	G	AGAP013128-RA	Met104Leu	310A>C	True	1178974	0.02912621359223301	0.02912621359223301
2R	28484673	T	G	AGAP013128-RA	Lys66Gln	196A>C	True	1178975	0.02912621359223301	0.02912621359223301
2R	28484738	T	C	AGAP013128-RA	Lys44Arg	131A>G	True	1178976	0.8058252427184466	0.8058252427184466
2R	28484755	A	T	AGAP013128-RA	Phe38Leu	114T>A	True	1178977	0.6650485436893204	0.6650485436893204
2R	28485871	C	T	AGAP002863-RA	Ser374Asn	1121G>A	True	1178978	0.25728155339805825	0.25728155339805825
2R	28486119	A	C	AGAP002863-RA	Ala291Ala	873T>G	False	1178979	0.05339805825242718	0.05339805825242718
2R	28486120	G	T	AGAP002863-RA	Ala291Asp	872C>A	True	1178980	0.05339805825242718	0.05339805825242718
2R	28486122	C	T	AGAP002863-RA	Leu290Leu	870G>A	False	1178981	0.024271844660194174	0.024271844660194174
2R	28486140	G	A	AGAP002863-RA	Asp284Asp	852C>T	False	1178982	0.02912621359223301	0.02912621359223301
2R	28486181	G	A	AGAP002863-RA	Pro271Ser	811C>T	True	1178983	0.7669902912621359	0.7669902912621359
2R	28486193	G	A	AGAP002863-RA	Leu267Leu	799C>T	False	1178984	0.019417475728155338	0.019417475728155338
2R	28486215	A	G	AGAP002863-RA	Asp259Asp	777T>C	False	1178985	0.23300970873786409	0.23300970873786409
2R	28486240	G	T	AGAP002863-RA	Ala251Glu	752C>A	True	1178986	0.038834951456310676	0.038834951456310676
2R	28486245	G	T	AGAP002863-RA	Ile249Ile	747C>A	False	1178987	0.24757281553398058	0.24757281553398058
2R	28486249	T	C	AGAP002863-RA	Lys248Arg	743A>G	True	1178988	0.24757281553398058	0.24757281553398058
2R	28486261	T	A	AGAP002863-RA	Gln244Leu	731A>T	True	1178989	0.014563106796116505	0.014563106796116505
2R	28486275	C	T	AGAP002863-RA	Gln239Gln	717G>A	False	1178990	0.2087378640776699	0.2087378640776699
2R	28486295	T	G	AGAP002863-RA	Ile233Leu	697A>C	True	1178991	0.04854368932038835	0.04854368932038835
2R	28486354	G	A	AGAP002863-RA	Thr213Met	638C>T	True	1178992	0.014563106796116505	0.014563106796116505
2R	28486362	G	A	AGAP002863-RA	His210His	630C>T	False	1178993	0.03398058252427184	0.03398058252427184
2R	28486377	G	A	AGAP002863-RA	Gly205Gly	615C>T	False	1178994	0.06310679611650485	0.06310679611650485
2R	28486398	G	A	AGAP002863-RA	Thr198Thr	594C>T	False	1178995	0.06310679611650485	0.06310679611650485
2R	28486464	G	A	AGAP002863-RA	Cys176Cys	528C>T	False	1178996	0.038834951456310676	0.038834951456310676
2R	28486503	G	A	AGAP002863-RA	Gly163Gly	489C>T	False	1178997	0.019417475728155338	0.019417475728155338
2R	28486512	G	A	AGAP002863-RA	Leu160Leu	480C>T	False	1178998	0.019417475728155338	0.019417475728155338
2R	28486709	C	T	AGAP002863-RA	Ala95Thr	283G>A	True	1178999	0.9854368932038835	0.9854368932038835
2R	28486807	G	C	AGAP002863-RA	Ala62Gly	185C>G	True	1179000	0.019417475728155338	0.019417475728155338
2R	28486815	C	G	AGAP002863-RA	Pro59Pro	177G>C	False	1179001	0.05339805825242718	0.05339805825242718
2R	28486836	G	A	AGAP002863-RA	Gly52Gly	156C>T	False	1179002	0.05339805825242718	0.05339805825242718
2R	28486839	T	C	AGAP002863-RA	Lys51Lys	153A>G	False	1179003	0.05339805825242718	0.05339805825242718
2R	28486869	G	A	AGAP002863-RA	Cys41Cys	123C>T	False	1179004	0.02912621359223301	0.02912621359223301
2R	28486949	A	G	AGAP002862-RA		-74T>C	False	1179005	0.8689320388349514	0.8689320388349514
2R	28486955	C	T	AGAP002862-RA		-74G>A	False	1179006	0.019417475728155338	0.019417475728155338
2R	28487036	C	A	AGAP002863-RA	Leu12Leu	36G>T	False	1179007	0.18446601941747573	0.18446601941747573
2R	28487077	G	T	AGAP002863-RA		-6C>A	False	1179008	0.014563106796116505	0.014563106796116505
2R	28487103	C	A	AGAP002862-RA		-74G>T	False	1179009	0.03398058252427184	0.03398058252427184
2R	28487111	A	T	AGAP002862-RA		-74T>A	False	1179010	0.6310679611650486	0.6310679611650486
2R	28487296	G	C	AGAP002862-RA		-74C>G	False	1179011	0.05339805825242718	0.05339805825242718
2R	28487432	A	T	AGAP002862-RA		-74T>A	False	1179012	0.18446601941747573	0.18446601941747573
2R	28487433	T	A	AGAP002862-RA		-74A>T	False	1179013	0.014563106796116505	0.014563106796116505
2R	28487588	T	A	AGAP002862-RA		-74A>T	False	1179014	0.014563106796116505	0.014563106796116505
2R	28487589	A	T	AGAP002862-RA		-74T>A	False	1179015	0.014563106796116505	0.014563106796116505
2R	28487592	T	A	AGAP002862-RA		-74A>T	False	1179016	0.02912621359223301	0.02912621359223301
2R	28487598	C	T	AGAP002862-RA		-74G>A	False	1179017	0.18446601941747573	0.18446601941747573
2R	28487599	T	A	AGAP002862-RA		-74A>T	False	1179018	0.9466019417475728	0.9466019417475728
2R	28487654	T	C	AGAP002864-RA	Ser459Gly	1375A>G	True	1179019	0.8009708737864077	0.8009708737864077
2R	28487689	A	G	AGAP002864-RA	Met447Thr	1340T>C	True	1179020	0.014563106796116505	0.014563106796116505
2R	28487752	C	T	AGAP002864-RA	Arg426Lys	1277G>A	True	1179021	0.02912621359223301	0.02912621359223301
2R	28487822	G	C	AGAP002864-RA	Gln403Glu	1207C>G	True	1179022	0.9466019417475728	0.9466019417475728
2R	28487841	A	G	AGAP002864-RA	Leu396Leu	1188T>C	False	1179023	0.9757281553398058	0.9757281553398058
2R	28487847	G	A	AGAP002864-RA	Ser394Ser	1182C>T	False	1179024	0.18446601941747573	0.18446601941747573
2R	28487860	G	A	AGAP002864-RA	Ser390Phe	1169C>T	True	1179025	0.05825242718446602	0.05825242718446602
2R	28487879	T	C	AGAP002864-RA	Lys384Glu	1150A>G	True	1179026	0.9757281553398058	0.9757281553398058
2R	28488080	T	C	AGAP013128-RA		-54A>G	False	1179027	0.7572815533980582	0.7572815533980582
2R	28488086	C	A	AGAP013128-RA		-54G>T	False	1179028	0.02912621359223301	0.02912621359223301
2R	28488087	A	G	AGAP013128-RA		-54T>C	False	1179029	0.18446601941747573	0.18446601941747573
2R	28488088	C	T	AGAP013128-RA		-54G>A	False	1179030	0.05825242718446602	0.05825242718446602
2R	28488090	G	A	AGAP013128-RA		-54C>T	False	1179031	0.024271844660194174	0.024271844660194174
2R	28488097	C	T	AGAP013128-RA		-54G>A	False	1179032	0.6990291262135923	0.6990291262135923
2R	28488098	A	T	AGAP013128-RA		-54T>A	False	1179033	0.02912621359223301	0.02912621359223301
2R	28488144	C	A	AGAP002864-RA	Ala317Ser	949G>T	True	1179034	0.05825242718446602	0.05825242718446602
2R	28488150	G	A	AGAP002864-RA	Pro315Ser	943C>T	True	1179035	0.02912621359223301	0.02912621359223301
2R	28488162	G	T	AGAP002864-RA	Gln311Lys	931C>A	True	1179036	0.2621359223300971	0.2621359223300971
2R	28488178	A	T	AGAP002864-RA	Gly305Gly	915T>A	False	1179037	0.2669902912621359	0.2669902912621359
2R	28488234	C	T	AGAP002864-RA	Gly287Ser	859G>A	True	1179038	0.014563106796116505	0.014563106796116505
2R	28488243	C	T	AGAP002864-RA	Val284Ile	850G>A	True	1179039	0.2669902912621359	0.2669902912621359
2R	28488259	G	C	AGAP002864-RA	Val278Val	834C>G	False	1179040	0.2669902912621359	0.2669902912621359
2R	28488310	T	C	AGAP002864-RA	Ala261Ala	783A>G	False	1179041	0.9368932038834952	0.9368932038834952
2R	28488339	A	G	AGAP002864-RA	Leu252Leu	754T>C	False	1179042	0.9174757281553398	0.9174757281553398
2R	28488340	A	G	AGAP002864-RA	His251His	753T>C	False	1179043	0.02912621359223301	0.02912621359223301
2R	28488382	C	A	AGAP002864-RA	Ser237Ser	711G>T	False	1179044	0.18446601941747573	0.18446601941747573
2R	28488393	G	C	AGAP002864-RA	Leu234Val	700C>G	True	1179045	0.02912621359223301	0.02912621359223301
2R	28488427	G	T	AGAP002864-RA	Asp222Glu	666C>A	True	1179046	0.24757281553398058	0.24757281553398058
2R	28488451	G	A	AGAP002864-RA	Thr214Thr	642C>T	False	1179047	0.06310679611650485	0.06310679611650485
2R	28488475	G	A	AGAP002864-RA	Thr206Thr	618C>T	False	1179048	0.8932038834951457	0.8932038834951457
2R	28488486	C	T	AGAP002864-RA	Val203Ile	607G>A	True	1179049	0.06796116504854369	0.06796116504854369
2R	28488508	T	C	AGAP002864-RA	Gln195Gln	585A>G	False	1179050	0.05825242718446602	0.05825242718446602
2R	28488553	A	G	AGAP002864-RA	Thr180Thr	540T>C	False	1179051	0.8155339805825242	0.8155339805825242
2R	28488586	C	T	AGAP002864-RA	Met169Ile	507G>A	True	1179052	0.014563106796116505	0.014563106796116505
2R	28488615	C	T	AGAP002864-RA	Val160Met	478G>A	True	1179053	0.07281553398058252	0.07281553398058252
2R	28488621	C	T	AGAP002864-RA	Val158Ile	472G>A	True	1179054	0.014563106796116505	0.014563106796116505
2R	28488637	C	A	AGAP002864-RA	Ser152Ser	456G>T	False	1179055	0.014563106796116505	0.014563106796116505
2R	28488638	G	A	AGAP002864-RA	Ser152Leu	455C>T	True	1179056	0.18446601941747573	0.18446601941747573
2R	28488665	T	A	AGAP002864-RA	Glu143Val	428A>T	True	1179057	0.07281553398058252	0.07281553398058252
2R	28488694	T	C	AGAP002864-RA	Ser133Ser	399A>G	False	1179058	0.02912621359223301	0.02912621359223301
2R	28488715	G	A	AGAP002864-RA	Phe126Phe	378C>T	False	1179059	0.05825242718446602	0.05825242718446602
2R	28488763	C	T	AGAP002864-RA	Lys110Lys	330G>A	False	1179060	0.024271844660194174	0.024271844660194174
2R	28488776	C	A	AGAP002864-RA	Gly106Val	317G>T	True	1179061	0.06310679611650485	0.06310679611650485
2R	28488807	G	A	AGAP002864-RA	Leu96Leu	286C>T	False	1179062	0.05825242718446602	0.05825242718446602
2R	28488894	G	A	AGAP002864-RA	Leu67Leu	199C>T	False	1179063	0.6601941747572816	0.6601941747572816
2R	28489018	A	T	AGAP002864-RA	Ile25Ile	75T>A	False	1179064	0.014563106796116505	0.014563106796116505
2R	28489059	T	C	AGAP002864-RA	Thr12Ala	34A>G	True	1179065	0.014563106796116505	0.014563106796116505
2R	28489175	C	T	AGAP013128-RA		-54G>A	False	1179066	0.07766990291262135	0.07766990291262135
2R	28489238	C	T	AGAP013128-RA		-54G>A	False	1179067	0.0825242718446602	0.0825242718446602
2R	28489255	G	A	AGAP013128-RA		-54C>T	False	1179068	0.038834951456310676	0.038834951456310676
2R	28489280	C	T	AGAP013128-RA		-54G>A	False	1179069	0.038834951456310676	0.038834951456310676
2R	28489300	G	A	AGAP013128-RA		-54C>T	False	1179070	0.6990291262135923	0.6990291262135923
2R	28489313	T	A	AGAP013128-RA		-54A>T	False	1179071	0.038834951456310676	0.038834951456310676
2R	28489316	A	T	AGAP013128-RA		-54T>A	False	1179072	0.014563106796116505	0.014563106796116505
2R	28489372	G	A	AGAP013128-RA		-54C>T	False	1179073	0.07281553398058252	0.07281553398058252
2R	28489375	T	C	AGAP013128-RA		-54A>G	False	1179074	0.0825242718446602	0.0825242718446602
2R	28489400	C	T	AGAP013128-RA		-54G>A	False	1179075	0.07281553398058252	0.07281553398058252
2R	28489420	A	C	AGAP013128-RA		-54T>G	False	1179076	0.18446601941747573	0.18446601941747573
2R	28489453	T	A	AGAP013128-RA		-54A>T	False	1179077	0.6553398058252428	0.6553398058252428
2R	28489462	T	G	AGAP013128-RA		-54A>C	False	1179078	0.6553398058252428	0.6553398058252428
2R	28489468	T	A	AGAP013128-RA		-54A>T	False	1179079	0.6553398058252428	0.6553398058252428
2R	28489469	C	T	AGAP013128-RA		-54G>A	False	1179080	0.6553398058252428	0.6553398058252428
2R	28489522	T	G	AGAP013128-RA		-54A>C	False	1179081	0.019417475728155338	0.019417475728155338
2R	28489531	C	A	AGAP013128-RA		-54G>T	False	1179082	0.024271844660194174	0.024271844660194174
2R	28489561	T	A	AGAP013128-RA		-54A>T	False	1179083	0.6407766990291263	0.6407766990291263
2R	28489583	G	A	AGAP013128-RA		-54C>T	False	1179084	0.014563106796116505	0.014563106796116505
2R	28489588	G	A	AGAP013128-RA		-54C>T	False	1179085	0.019417475728155338	0.019417475728155338
2R	28489627	C	T	AGAP013128-RA		-54G>A	False	1179086	0.05339805825242718	0.05339805825242718
2R	28489636	T	A	AGAP013128-RA		-54A>T	False	1179087	0.019417475728155338	0.019417475728155338
2R	28489652	T	G	AGAP013128-RA		-54A>C	False	1179088	0.019417475728155338	0.019417475728155338
2R	28489673	G	A	AGAP013128-RA		-54C>T	False	1179089	0.019417475728155338	0.019417475728155338
2R	28489728	T	G	AGAP013128-RA		-54A>C	False	1179090	0.6407766990291263	0.6407766990291263
2R	28489746	C	T	AGAP013128-RA		-54G>A	False	1179091	0.019417475728155338	0.019417475728155338
2R	28489747	T	A	AGAP013128-RA		-54A>T	False	1179092	0.019417475728155338	0.019417475728155338
2R	28489749	G	C	AGAP013128-RA		-54C>G	False	1179093	0.18446601941747573	0.18446601941747573
2R	28489782	G	A	AGAP013128-RA		-54C>T	False	1179094	0.04854368932038835	0.04854368932038835
2R	28489835	A	C	AGAP013128-RA		-54T>G	False	1179095	0.6601941747572816	0.6601941747572816
2R	28489839	T	A	AGAP013128-RA		-54A>T	False	1179096	0.0970873786407767	0.0970873786407767
2R	28489842	C	T	AGAP013128-RA		-54G>A	False	1179097	0.019417475728155338	0.019417475728155338
2R	28489886	G	A	AGAP013128-RA		-54C>T	False	1179098	0.06796116504854369	0.06796116504854369
2R	28489899	A	C	AGAP013128-RA		-54T>G	False	1179099	0.06796116504854369	0.06796116504854369
2R	28489904	G	A	AGAP013128-RA		-54C>T	False	1179100	0.014563106796116505	0.014563106796116505
2R	28489982	A	G	AGAP002863-RA		-10T>C	False	1179101	0.02912621359223301	0.02912621359223301
2R	28489994	G	A	AGAP002863-RA		-10C>T	False	1179102	0.019417475728155338	0.019417475728155338
2R	28490057	C	G	AGAP002863-RA		-10G>C	False	1179103	0.6407766990291263	0.6407766990291263
2R	28490068	C	T	AGAP002863-RA		-10G>A	False	1179104	0.18446601941747573	0.18446601941747573
2R	28490694	C	A	AGAP002863-RA		-10G>T	False	1179105	0.019417475728155338	0.019417475728155338
2R	28490760	A	G	AGAP002863-RA		-10T>C	False	1179106	0.970873786407767	0.970873786407767
2R	28490839	G	C	AGAP002863-RA		-10C>G	False	1179107	0.970873786407767	0.970873786407767
2R	28490868	T	C	AGAP002863-RA		-10A>G	False	1179108	0.9563106796116505	0.9563106796116505
2R	28490875	A	T	AGAP002863-RA		-10T>A	False	1179109	0.9563106796116505	0.9563106796116505
2R	28490892	G	A	AGAP002863-RA		-10C>T	False	1179110	0.9563106796116505	0.9563106796116505
2R	28490901	C	T	AGAP002863-RA		-10G>A	False	1179111	0.6310679611650486	0.6310679611650486
2R	28490913	C	T	AGAP002863-RA		-10G>A	False	1179112	0.014563106796116505	0.014563106796116505
2R	28490921	C	A	AGAP002863-RA		-10G>T	False	1179113	0.043689320388349516	0.043689320388349516
2R	28490939	C	T	AGAP002863-RA		-10G>A	False	1179114	0.24271844660194175	0.24271844660194175
2R	28490945	T	C	AGAP002863-RA		-10A>G	False	1179115	0.024271844660194174	0.024271844660194174
2R	28490979	A	G	AGAP002863-RA		-10T>C	False	1179116	0.9563106796116505	0.9563106796116505
2R	28490984	A	T	AGAP002863-RA		-10T>A	False	1179117	0.9563106796116505	0.9563106796116505
2R	28490985	A	G	AGAP002863-RA		-10T>C	False	1179118	0.9563106796116505	0.9563106796116505
2R	28491065	A	T	AGAP002863-RA		-10T>A	False	1179119	0.3106796116504854	0.3106796116504854
2R	28491117	T	A	AGAP002863-RA		-10A>T	False	1179120	0.7330097087378641	0.7330097087378641
2R	28491128	T	A	AGAP002863-RA		-10A>T	False	1179121	0.05825242718446602	0.05825242718446602
2R	28491197	G	C	AGAP002863-RA		-10C>G	False	1179122	0.9757281553398058	0.9757281553398058
2R	28491243	A	T	AGAP002863-RA		-10T>A	False	1179123	0.07766990291262135	0.07766990291262135
2R	28491245	T	A	AGAP002863-RA		-10A>T	False	1179124	0.970873786407767	0.970873786407767
2R	28491246	A	T	AGAP002863-RA		-10T>A	False	1179125	0.07766990291262135	0.07766990291262135
2R	28491315	G	C	AGAP002863-RA		-10C>G	False	1179126	0.970873786407767	0.970873786407767
2R	28491320	T	A	AGAP002863-RA		-10A>T	False	1179127	0.019417475728155338	0.019417475728155338
2R	28491423	T	A	AGAP002865-RA		*110A>T	False	1179128	0.02912621359223301	0.02912621359223301
2R	28491424	T	G	AGAP002865-RA		*109A>C	False	1179129	0.6262135922330098	0.6262135922330098
2R	28492803	T	A	AGAP002865-RA	Ala113Ala	339A>T	False	1179130	0.024271844660194174	0.024271844660194174
2R	28492839	A	G	AGAP002865-RA	Phe101Phe	303T>C	False	1179131	0.038834951456310676	0.038834951456310676
2R	28492851	C	T	AGAP002865-RA	Leu97Leu	291G>A	False	1179132	0.019417475728155338	0.019417475728155338
2R	28492956	C	T	AGAP002865-RA	Glu62Glu	186G>A	False	1179133	0.6407766990291263	0.6407766990291263
2R	28493015	A	G	AGAP002865-RA	Leu43Leu	127T>C	False	1179134	0.7475728155339806	0.7475728155339806
2R	28493031	A	C	AGAP002865-RA	Ala37Ala	111T>G	False	1179135	0.7815533980582524	0.7815533980582524
2R	28493043	T	C	AGAP002865-RA	Gly33Gly	99A>G	False	1179136	0.9271844660194175	0.9271844660194175
2R	28493163	C	T	AGAP002864-RA		-1G>A	False	1179137	0.014563106796116505	0.014563106796116505
2R	28493271	C	T	AGAP002864-RA		-1G>A	False	1179138	0.019417475728155338	0.019417475728155338
2R	28493329	A	T	AGAP002864-RA		-1T>A	False	1179139	0.32038834951456313	0.32038834951456313
2R	28493421	G	C	AGAP002864-RA		-1C>G	False	1179140	0.0825242718446602	0.0825242718446602
2R	28493433	G	C	AGAP002864-RA		-1C>G	False	1179141	0.0825242718446602	0.0825242718446602
2R	28493437	T	C	AGAP002864-RA		-1A>G	False	1179142	0.0825242718446602	0.0825242718446602
2R	28493460	C	T	AGAP002864-RA		-1G>A	False	1179143	0.019417475728155338	0.019417475728155338
2R	28493469	A	T	AGAP002864-RA		-1T>A	False	1179144	0.05825242718446602	0.05825242718446602
2R	28493548	A	T	AGAP002864-RA		-1T>A	False	1179145	0.04854368932038835	0.04854368932038835
2R	28493562	C	T	AGAP002864-RA		-1G>A	False	1179146	0.014563106796116505	0.014563106796116505
2R	28493578	T	G	AGAP002864-RA		-1A>C	False	1179147	0.36893203883495146	0.36893203883495146
2R	28493579	G	A	AGAP002864-RA		-1C>T	False	1179148	0.24271844660194175	0.24271844660194175
2R	28493613	A	G	AGAP002864-RA		-1T>C	False	1179149	0.11650485436893204	0.11650485436893204
2R	28493780	G	A	AGAP002864-RA		-1C>T	False	1179150	0.02912621359223301	0.02912621359223301
2R	28493789	G	T	AGAP002864-RA		-1C>A	False	1179151	0.06796116504854369	0.06796116504854369
2R	28493820	G	T	AGAP002864-RA		-1C>A	False	1179152	0.014563106796116505	0.014563106796116505
2R	28493822	G	T	AGAP002864-RA		-1C>A	False	1179153	0.05339805825242718	0.05339805825242718
2R	28493825	T	C	AGAP002864-RA		-1A>G	False	1179154	0.1553398058252427	0.1553398058252427
2R	28493828	G	C	AGAP002864-RA		-1C>G	False	1179155	0.1553398058252427	0.1553398058252427
2R	28493833	A	T	AGAP002864-RA		-1T>A	False	1179156	0.019417475728155338	0.019417475728155338
2R	28493841	T	A	AGAP002864-RA		-1A>T	False	1179157	0.05825242718446602	0.05825242718446602
2R	28493847	A	T	AGAP002864-RA		-1T>A	False	1179158	0.2087378640776699	0.2087378640776699
2R	28493858	C	T	AGAP002864-RA		-1G>A	False	1179159	0.2087378640776699	0.2087378640776699
2R	28493897	G	C	AGAP002864-RA		-1C>G	False	1179160	0.2087378640776699	0.2087378640776699
2R	28493907	C	T	AGAP002864-RA		-1G>A	False	1179161	0.2087378640776699	0.2087378640776699
2R	28493918	T	A	AGAP002864-RA		-1A>T	False	1179162	0.024271844660194174	0.024271844660194174
2R	28494041	G	A	AGAP002866-RA	Tyr502Tyr	1506C>T	False	1179163	0.3640776699029126	0.3640776699029126
2R	28494247	C	T	AGAP002866-RA	Glu434Lys	1300G>A	True	1179164	0.1796116504854369	0.1796116504854369
2R	28494272	G	A	AGAP002866-RA	Phe425Phe	1275C>T	False	1179165	0.02912621359223301	0.02912621359223301
2R	28494287	G	A	AGAP002866-RA	Pro420Pro	1260C>T	False	1179166	0.02912621359223301	0.02912621359223301
2R	28494305	A	G	AGAP002866-RA	Arg414Arg	1242T>C	False	1179167	0.9563106796116505	0.9563106796116505
2R	28494338	C	T	AGAP002866-RA	Thr403Thr	1209G>A	False	1179168	0.03398058252427184	0.03398058252427184
2R	28494347	C	G	AGAP002866-RA	Pro400Pro	1200G>C	False	1179169	0.019417475728155338	0.019417475728155338
2R	28494353	T	G	AGAP002866-RA	Ile398Ile	1194A>C	False	1179170	0.9854368932038835	0.9854368932038835
2R	28494384	C	G	AGAP002866-RA	Ser388Thr	1163G>C	True	1179171	0.08737864077669903	0.08737864077669903
2R	28494386	C	T	AGAP002866-RA	Ser387Ser	1161G>A	False	1179172	0.08737864077669903	0.08737864077669903
2R	28494395	G	A	AGAP002866-RA	Arg384Arg	1152C>T	False	1179173	0.6310679611650486	0.6310679611650486
2R	28494410	A	C	AGAP002866-RA	Val379Val	1137T>G	False	1179174	0.0825242718446602	0.0825242718446602
2R	28494480	C	T	AGAP002865-RA		-1G>A	False	1179175	0.6990291262135923	0.6990291262135923
2R	28494505	C	T	AGAP002865-RA		-1G>A	False	1179176	0.06796116504854369	0.06796116504854369
2R	28494521	C	A	AGAP002865-RA		-1G>T	False	1179177	0.019417475728155338	0.019417475728155338
2R	28494522	A	T	AGAP002865-RA		-1T>A	False	1179178	0.6893203883495146	0.6893203883495146
2R	28494539	G	A	AGAP002866-RA	Ile369Ile	1107C>T	False	1179179	0.014563106796116505	0.014563106796116505
2R	28494590	G	T	AGAP002866-RA	Gly352Gly	1056C>A	False	1179180	0.6844660194174758	0.6844660194174758
2R	28494631	A	G	AGAP002866-RA	Leu339Leu	1015T>C	False	1179181	0.04854368932038835	0.04854368932038835
2R	28494632	G	A	AGAP002866-RA	Arg338Arg	1014C>T	False	1179182	0.04854368932038835	0.04854368932038835
2R	28494635	A	G	AGAP002866-RA	Asp337Asp	1011T>C	False	1179183	0.04854368932038835	0.04854368932038835
2R	28494641	A	G	AGAP002866-RA	Ile335Ile	1005T>C	False	1179184	0.07766990291262135	0.07766990291262135
2R	28494656	G	T	AGAP002866-RA	Ala330Ala	990C>A	False	1179185	0.019417475728155338	0.019417475728155338
2R	28494686	T	A	AGAP002866-RA	Thr320Thr	960A>T	False	1179186	0.9757281553398058	0.9757281553398058
2R	28494692	G	A	AGAP002866-RA	Ser318Ser	954C>T	False	1179187	0.18446601941747573	0.18446601941747573
2R	28494698	C	T	AGAP002866-RA	Glu316Glu	948G>A	False	1179188	0.04854368932038835	0.04854368932038835
2R	28494731	G	A	AGAP002866-RA	Ala305Ala	915C>T	False	1179189	0.6941747572815534	0.6941747572815534
2R	28494794	C	G	AGAP002866-RA	Leu284Leu	852G>C	False	1179190	0.03398058252427184	0.03398058252427184
2R	28494797	C	T	AGAP002866-RA	Lys283Lys	849G>A	False	1179191	0.6844660194174758	0.6844660194174758
2R	28494823	G	A	AGAP002866-RA	Leu275Leu	823C>T	False	1179192	0.6893203883495146	0.6893203883495146
2R	28494836	G	A	AGAP002866-RA	Asp270Asp	810C>T	False	1179193	0.20388349514563106	0.20388349514563106
2R	28494842	C	G	AGAP002866-RA	Arg268Arg	804G>C	False	1179194	0.019417475728155338	0.019417475728155338
2R	28494867	T	A	AGAP002866-RA	Tyr260Phe	779A>T	True	1179195	0.014563106796116505	0.014563106796116505
2R	28494881	G	A	AGAP002866-RA	Arg255Arg	765C>T	False	1179196	0.20388349514563106	0.20388349514563106
2R	28494887	A	G	AGAP002866-RA	Ile253Ile	759T>C	False	1179197	0.9320388349514563	0.9320388349514563
2R	28494944	T	A	AGAP002866-RA	Ala234Ala	702A>T	False	1179198	0.22815533980582525	0.22815533980582525
2R	28494974	A	G	AGAP002866-RA	Phe224Phe	672T>C	False	1179199	0.024271844660194174	0.024271844660194174
2R	28494989	T	G	AGAP002866-RA	Ile219Ile	657A>C	False	1179200	0.024271844660194174	0.024271844660194174
2R	28495064	A	G	AGAP002866-RA	Ile194Ile	582T>C	False	1179201	0.23786407766990292	0.23786407766990292
2R	28495238	T	C	AGAP002866-RA	Lys136Lys	408A>G	False	1179202	0.9805825242718447	0.9805825242718447
2R	28495265	T	A	AGAP002866-RA	Gly127Gly	381A>T	False	1179203	0.019417475728155338	0.019417475728155338
2R	28495274	C	T	AGAP002866-RA	Gly124Gly	372G>A	False	1179204	0.019417475728155338	0.019417475728155338
2R	28495292	G	A	AGAP002866-RA	Phe118Phe	354C>T	False	1179205	0.019417475728155338	0.019417475728155338
2R	28495346	A	G	AGAP002866-RA	Asp100Asp	300T>C	False	1179206	0.10679611650485436	0.10679611650485436
2R	28495373	C	T	AGAP002866-RA	Glu91Glu	273G>A	False	1179207	0.02912621359223301	0.02912621359223301
2R	28495382	G	A	AGAP002866-RA	Val88Val	264C>T	False	1179208	0.2087378640776699	0.2087378640776699
2R	28495384	C	T	AGAP002866-RA	Val88Ile	262G>A	True	1179209	0.6796116504854369	0.6796116504854369
2R	28495388	G	C	AGAP002866-RA	Ile86Met	258C>G	True	1179210	0.2087378640776699	0.2087378640776699
2R	28495412	A	G	AGAP002866-RA	Ser78Ser	234T>C	False	1179211	0.019417475728155338	0.019417475728155338
2R	28495459	A	G	AGAP002866-RA	Leu63Leu	187T>C	False	1179212	0.019417475728155338	0.019417475728155338
2R	28495491	C	T	AGAP002866-RA	Arg52Gln	155G>A	True	1179213	0.014563106796116505	0.014563106796116505
2R	28495532	C	G	AGAP002866-RA	Pro38Pro	114G>C	False	1179214	0.05825242718446602	0.05825242718446602
2R	28495539	T	C	AGAP002866-RA	His36Arg	107A>G	True	1179215	0.6796116504854369	0.6796116504854369
2R	28495540	G	A	AGAP002866-RA	His36Tyr	106C>T	True	1179216	0.7621359223300971	0.7621359223300971
2R	28495544	C	T	AGAP002866-RA	Val34Val	102G>A	False	1179217	0.7621359223300971	0.7621359223300971
2R	28495565	T	G	AGAP002866-RA	Arg27Ser	81A>C	True	1179218	0.7524271844660194	0.7524271844660194
2R	28495566	C	T	AGAP002866-RA	Arg27Lys	80G>A	True	1179219	0.7621359223300971	0.7621359223300971
2R	28495616	C	G	AGAP002866-RA	Ala10Ala	30G>C	False	1179220	0.019417475728155338	0.019417475728155338
2R	28495617	G	A	AGAP002866-RA	Ala10Val	29C>T	True	1179221	0.07766990291262135	0.07766990291262135
2R	28495676	A	T	AGAP002865-RA		-1T>A	False	1179222	0.019417475728155338	0.019417475728155338
2R	28495685	T	G	AGAP002865-RA		-1A>C	False	1179223	0.3155339805825243	0.3155339805825243
2R	28495697	G	A	AGAP002865-RA		-1C>T	False	1179224	0.03398058252427184	0.03398058252427184
2R	28495718	C	T	AGAP002865-RA		-1G>A	False	1179225	0.18446601941747573	0.18446601941747573
2R	28495732	C	T	AGAP002865-RA		-1G>A	False	1179226	0.024271844660194174	0.024271844660194174
2R	28495812	G	A	AGAP002865-RA		-1C>T	False	1179227	0.019417475728155338	0.019417475728155338
2R	28495840	T	A	AGAP002865-RA		-1A>T	False	1179228	0.019417475728155338	0.019417475728155338
2R	28495851	T	C	AGAP002865-RA		-1A>G	False	1179229	0.05825242718446602	0.05825242718446602
2R	28495869	T	G	AGAP002865-RA		-1A>C	False	1179230	0.05825242718446602	0.05825242718446602
2R	28495930	A	G	AGAP002865-RA		-1T>C	False	1179231	0.019417475728155338	0.019417475728155338
2R	28495967	G	C	AGAP002865-RA		-1C>G	False	1179232	0.019417475728155338	0.019417475728155338
2R	28495968	G	A	AGAP002865-RA		-1C>T	False	1179233	0.019417475728155338	0.019417475728155338
2R	28495969	T	C	AGAP002865-RA		-1A>G	False	1179234	0.019417475728155338	0.019417475728155338
2R	28495972	G	T	AGAP002865-RA		-1C>A	False	1179235	0.019417475728155338	0.019417475728155338
2R	28495975	G	A	AGAP002865-RA		-1C>T	False	1179236	0.019417475728155338	0.019417475728155338
2R	28495985	G	A	AGAP002865-RA		-1C>T	False	1179237	0.019417475728155338	0.019417475728155338
2R	28496023	A	T	AGAP002865-RA		-1T>A	False	1179238	0.06310679611650485	0.06310679611650485
2R	28496055	A	T	AGAP002865-RA		-1T>A	False	1179239	0.019417475728155338	0.019417475728155338
2R	28496062	C	T	AGAP002865-RA		-1G>A	False	1179240	0.019417475728155338	0.019417475728155338
2R	28496066	T	C	AGAP002865-RA		-1A>G	False	1179241	0.019417475728155338	0.019417475728155338
2R	28496074	T	C	AGAP002865-RA		-1A>G	False	1179242	0.019417475728155338	0.019417475728155338
2R	28496084	A	T	AGAP002865-RA		-1T>A	False	1179243	0.03398058252427184	0.03398058252427184
2R	28496088	T	A	AGAP002865-RA		-1A>T	False	1179244	0.019417475728155338	0.019417475728155338
2R	28496102	G	T	AGAP002865-RA		-1C>A	False	1179245	0.019417475728155338	0.019417475728155338
2R	28496103	C	G	AGAP002865-RA		-1G>C	False	1179246	0.019417475728155338	0.019417475728155338
2R	28496111	G	T	AGAP002865-RA		-1C>A	False	1179247	0.019417475728155338	0.019417475728155338
2R	28496112	T	G	AGAP002865-RA		-1A>C	False	1179248	0.27184466019417475	0.27184466019417475
2R	28496117	C	G	AGAP002865-RA		-1G>C	False	1179249	0.019417475728155338	0.019417475728155338
2R	28496198	G	T	AGAP002865-RA		-1C>A	False	1179250	0.019417475728155338	0.019417475728155338
2R	28496228	A	G	AGAP002865-RA		-1T>C	False	1179251	0.043689320388349516	0.043689320388349516
2R	28496248	C	T	AGAP002865-RA		-1G>A	False	1179252	0.06796116504854369	0.06796116504854369
2R	28496317	G	T	AGAP002865-RA		-1C>A	False	1179253	0.21359223300970873	0.21359223300970873
2R	28496323	A	C	AGAP002865-RA		-1T>G	False	1179254	0.21359223300970873	0.21359223300970873
2R	28496332	C	T	AGAP002865-RA		-1G>A	False	1179255	0.18446601941747573	0.18446601941747573
2R	28496360	G	A	AGAP002865-RA		-1C>T	False	1179256	0.08737864077669903	0.08737864077669903
2R	28496363	A	G	AGAP002865-RA		-1T>C	False	1179257	0.0825242718446602	0.0825242718446602
2R	28496412	G	C	AGAP002865-RA		-1C>G	False	1179258	0.06310679611650485	0.06310679611650485
2R	28496429	T	G	AGAP002865-RA		-1A>C	False	1179259	0.3300970873786408	0.3300970873786408
2R	28496439	C	G	AGAP002865-RA		-1G>C	False	1179260	0.23786407766990292	0.23786407766990292
2R	28496468	T	C	AGAP002865-RA		-1A>G	False	1179261	0.07766990291262135	0.07766990291262135
2R	28496508	C	T	AGAP002865-RA		-1G>A	False	1179262	0.34951456310679613	0.34951456310679613
2R	28496795	T	A	AGAP002865-RA		-1A>T	False	1179263	0.18446601941747573	0.18446601941747573
2R	28496814	T	A	AGAP002865-RA		-1A>T	False	1179264	0.019417475728155338	0.019417475728155338
2R	28496830	A	G	AGAP002865-RA		-1T>C	False	1179265	0.06796116504854369	0.06796116504854369
2R	28496837	A	G	AGAP002865-RA		-1T>C	False	1179266	0.08737864077669903	0.08737864077669903
2R	28496885	C	T	AGAP002865-RA		-1G>A	False	1179267	0.6844660194174758	0.6844660194174758
2R	28496898	T	A	AGAP002865-RA		-1A>T	False	1179268	0.7427184466019418	0.7427184466019418
2R	28496899	C	T	AGAP002865-RA		-1G>A	False	1179269	0.22330097087378642	0.22330097087378642
2R	28496930	T	A	AGAP002865-RA		-1A>T	False	1179270	0.038834951456310676	0.038834951456310676
2R	28497028	A	G	AGAP002865-RA		-1T>C	False	1179271	0.9223300970873787	0.9223300970873787
2R	28497038	A	C	AGAP002865-RA		-1T>G	False	1179272	0.06796116504854369	0.06796116504854369
2R	28497049	T	C	AGAP002865-RA		-1A>G	False	1179273	0.8640776699029126	0.8640776699029126
2R	28497052	C	G	AGAP002865-RA		-1G>C	False	1179274	0.18446601941747573	0.18446601941747573
2R	28497074	T	A	AGAP002865-RA		-1A>T	False	1179275	0.014563106796116505	0.014563106796116505
2R	28497282	C	T	AGAP002867-RA	Leu442Leu	1326G>A	False	1179276	0.07281553398058252	0.07281553398058252
2R	28497284	A	G	AGAP002867-RA	Leu442Leu	1324T>C	False	1179277	0.07281553398058252	0.07281553398058252
2R	28497354	G	A	AGAP002867-RA	Pro418Pro	1254C>T	False	1179278	0.6213592233009708	0.6213592233009708
2R	28497417	T	A	AGAP002867-RA	Ile397Ile	1191A>T	False	1179279	0.18446601941747573	0.18446601941747573
2R	28497483	C	T	AGAP002867-RA	Pro375Pro	1125G>A	False	1179280	0.22330097087378642	0.22330097087378642
2R	28497509	T	A	AGAP002867-RA		1106-7A>T	False	1179281	0.038834951456310676	0.038834951456310676
2R	28497510	G	C	AGAP002867-RA		1106-8C>G	False	1179282	0.22815533980582525	0.22815533980582525
2R	28497514	G	T	AGAP002865-RA		-1C>A	False	1179283	0.18446601941747573	0.18446601941747573
2R	28497536	C	G	AGAP002865-RA		-1G>C	False	1179284	0.18446601941747573	0.18446601941747573
2R	28497539	C	A	AGAP002865-RA		-1G>T	False	1179285	0.11650485436893204	0.11650485436893204
2R	28497549	C	T	AGAP002865-RA		-1G>A	False	1179286	0.18446601941747573	0.18446601941747573
2R	28497562	T	A	AGAP002867-RA		1105+8A>T	False	1179287	0.7087378640776699	0.7087378640776699
2R	28497598	G	A	AGAP002867-RA	Asn359Asn	1077C>T	False	1179288	0.05339805825242718	0.05339805825242718
2R	28497646	A	G	AGAP002867-RA	Arg343Arg	1029T>C	False	1179289	0.8786407766990292	0.8786407766990292
2R	28497678	T	C	AGAP002867-RA	Ile333Val	997A>G	True	1179290	0.07281553398058252	0.07281553398058252
2R	28497688	C	T	AGAP002867-RA	Lys329Lys	987G>A	False	1179291	0.019417475728155338	0.019417475728155338
2R	28497712	G	A	AGAP002867-RA	Asn321Asn	963C>T	False	1179292	0.6504854368932039	0.6504854368932039
2R	28497757	G	A	AGAP002867-RA	Phe306Phe	918C>T	False	1179293	0.9805825242718447	0.9805825242718447
2R	28497769	G	C	AGAP002867-RA	Ala302Ala	906C>G	False	1179294	0.7135922330097088	0.7135922330097088
2R	28497811	C	T	AGAP002867-RA	Val288Val	864G>A	False	1179295	0.038834951456310676	0.038834951456310676
2R	28497835	T	C	AGAP002867-RA	Thr280Thr	840A>G	False	1179296	0.9805825242718447	0.9805825242718447
2R	28497865	G	A	AGAP002867-RA	Phe270Phe	810C>T	False	1179297	0.02912621359223301	0.02912621359223301
2R	28497877	C	T	AGAP002867-RA	Gln266Gln	798G>A	False	1179298	0.043689320388349516	0.043689320388349516
2R	28497937	C	T	AGAP002867-RA	Glu246Glu	738G>A	False	1179299	0.06310679611650485	0.06310679611650485
2R	28497958	C	T	AGAP002867-RA	Lys239Lys	717G>A	False	1179300	0.616504854368932	0.616504854368932
2R	28497967	G	C	AGAP002867-RA	Ile236Met	708C>G	True	1179301	0.616504854368932	0.616504854368932
2R	28498027	G	A	AGAP002867-RA	Asp216Asp	648C>T	False	1179302	0.970873786407767	0.970873786407767
2R	28498090	A	G	AGAP002867-RA	Cys195Cys	585T>C	False	1179303	0.04854368932038835	0.04854368932038835
2R	28498099	G	C	AGAP002867-RA	Gly192Gly	576C>G	False	1179304	0.038834951456310676	0.038834951456310676
2R	28498194	A	G	AGAP002867-RA	Leu161Leu	481T>C	False	1179305	0.9174757281553398	0.9174757281553398
2R	28498198	C	T	AGAP002867-RA	Glu159Glu	477G>A	False	1179306	0.038834951456310676	0.038834951456310676
2R	28498222	G	T	AGAP002867-RA	Gly151Gly	453C>A	False	1179307	0.6213592233009708	0.6213592233009708
2R	28498243	G	A	AGAP002867-RA	Gly144Gly	432C>T	False	1179308	0.3058252427184466	0.3058252427184466
2R	28498309	C	T	AGAP002867-RA	Leu122Leu	366G>A	False	1179309	0.18446601941747573	0.18446601941747573
2R	28498330	C	T	AGAP002867-RA	Ala115Ala	345G>A	False	1179310	0.038834951456310676	0.038834951456310676
2R	28498363	G	A	AGAP002867-RA	Phe104Phe	312C>T	False	1179311	0.18932038834951456	0.18932038834951456
2R	28498375	G	A	AGAP002867-RA	Asp100Asp	300C>T	False	1179312	0.06310679611650485	0.06310679611650485
2R	28498408	A	G	AGAP002867-RA	Asp89Asp	267T>C	False	1179313	0.06310679611650485	0.06310679611650485
2R	28498420	C	T	AGAP002867-RA	Leu85Leu	255G>A	False	1179314	0.18446601941747573	0.18446601941747573
2R	28498459	T	C	AGAP002867-RA	Glu72Glu	216A>G	False	1179315	0.18446601941747573	0.18446601941747573
2R	28498507	T	C	AGAP002867-RA	Ala56Ala	168A>G	False	1179316	0.06310679611650485	0.06310679611650485
2R	28498615	T	C	AGAP002867-RA	Leu20Leu	60A>G	False	1179317	0.019417475728155338	0.019417475728155338
2R	28498684	C	T	AGAP002866-RA		-1G>A	False	1179318	0.014563106796116505	0.014563106796116505
2R	28498685	T	A	AGAP002866-RA		-1A>T	False	1179319	0.024271844660194174	0.024271844660194174
2R	28498709	G	A	AGAP002866-RA		-1C>T	False	1179320	0.014563106796116505	0.014563106796116505
2R	28498717	C	T	AGAP002866-RA		-1G>A	False	1179321	0.038834951456310676	0.038834951456310676
2R	28498743	C	T	AGAP002866-RA		-1G>A	False	1179322	0.05825242718446602	0.05825242718446602
2R	28498747	C	G	AGAP002866-RA		-1G>C	False	1179323	0.6262135922330098	0.6262135922330098
2R	28498775	T	C	AGAP002866-RA		-1A>G	False	1179324	0.05339805825242718	0.05339805825242718
2R	28498802	C	T	AGAP002866-RA		-1G>A	False	1179325	0.038834951456310676	0.038834951456310676
2R	28498827	C	T	AGAP002866-RA		-1G>A	False	1179326	0.014563106796116505	0.014563106796116505
2R	28498869	G	A	AGAP002866-RA		-1C>T	False	1179327	0.03398058252427184	0.03398058252427184
2R	28498935	C	T	AGAP002866-RA		-1G>A	False	1179328	0.038834951456310676	0.038834951456310676
2R	28498937	C	A	AGAP002866-RA		-1G>T	False	1179329	0.9271844660194175	0.9271844660194175
2R	28499084	C	T	AGAP002866-RA		-1G>A	False	1179330	0.2815533980582524	0.2815533980582524
2R	28499089	T	A	AGAP002866-RA		-1A>T	False	1179331	0.23300970873786409	0.23300970873786409
2R	28499100	A	G	AGAP002866-RA		-1T>C	False	1179332	0.23300970873786409	0.23300970873786409
2R	28499156	A	G	AGAP002866-RA		-1T>C	False	1179333	0.014563106796116505	0.014563106796116505
2R	28499164	G	A	AGAP002866-RA		-1C>T	False	1179334	0.9029126213592233	0.9029126213592233
2R	28499174	A	G	AGAP002866-RA		-1T>C	False	1179335	0.0970873786407767	0.0970873786407767
2R	28499183	T	A	AGAP002866-RA		-1A>T	False	1179336	0.014563106796116505	0.014563106796116505
2R	28499194	G	A	AGAP002866-RA		-1C>T	False	1179337	0.18446601941747573	0.18446601941747573
2R	28499196	A	C	AGAP002866-RA		-1T>G	False	1179338	0.07766990291262135	0.07766990291262135
2R	28499200	C	T	AGAP002866-RA		-1G>A	False	1179339	0.6262135922330098	0.6262135922330098
2R	28499224	C	A	AGAP002866-RA		-1G>T	False	1179340	0.06310679611650485	0.06310679611650485
2R	28499246	A	G	AGAP002866-RA		-1T>C	False	1179341	0.014563106796116505	0.014563106796116505
2R	28499248	G	A	AGAP002866-RA		-1C>T	False	1179342	0.014563106796116505	0.014563106796116505
2R	28499282	C	T	AGAP002868-RA	Gly500Glu	1499G>A	True	1179343	0.014563106796116505	0.014563106796116505
2R	28499339	G	A	AGAP002868-RA	Ala481Val	1442C>T	True	1179344	0.043689320388349516	0.043689320388349516
2R	28499354	C	T	AGAP002868-RA	Arg476His	1427G>A	True	1179345	0.6067961165048543	0.6067961165048543
2R	28499360	G	T	AGAP002868-RA	Ala474Glu	1421C>A	True	1179346	0.019417475728155338	0.019417475728155338
2R	28499390	A	G	AGAP002868-RA	Val464Ala	1391T>C	True	1179347	0.043689320388349516	0.043689320388349516
2R	28499443	C	T	AGAP002868-RA	Pro446Pro	1338G>A	False	1179348	0.019417475728155338	0.019417475728155338
2R	28499468	T	G	AGAP002868-RA	Asn438Thr	1313A>C	True	1179349	0.10194174757281553	0.10194174757281553
2R	28499470	C	T	AGAP002868-RA	Arg437Arg	1311G>A	False	1179350	0.10194174757281553	0.10194174757281553
2R	28499527	G	T	AGAP002868-RA	Ala418Ala	1254C>A	False	1179351	0.043689320388349516	0.043689320388349516
2R	28499533	G	A	AGAP002868-RA	Asp416Asp	1248C>T	False	1179352	0.05825242718446602	0.05825242718446602
2R	28499669	G	A	AGAP002868-RA		1115-3C>T	False	1179353	0.2961165048543689	0.2961165048543689
2R	28499683	A	G	AGAP002866-RA		-1T>C	False	1179354	0.07766990291262135	0.07766990291262135
2R	28499685	G	A	AGAP002866-RA		-1C>T	False	1179355	0.014563106796116505	0.014563106796116505
2R	28499689	A	G	AGAP002866-RA		-1T>C	False	1179356	0.019417475728155338	0.019417475728155338
2R	28499708	G	A	AGAP002866-RA		-1C>T	False	1179357	0.014563106796116505	0.014563106796116505
2R	28499730	G	A	AGAP002866-RA		-1C>T	False	1179358	0.3106796116504854	0.3106796116504854
2R	28499731	T	C	AGAP002866-RA		-1A>G	False	1179359	0.043689320388349516	0.043689320388349516
2R	28499733	A	G	AGAP002866-RA		-1T>C	False	1179360	0.10194174757281553	0.10194174757281553
2R	28499795	C	A	AGAP002868-RA	Leu355Leu	1065G>T	False	1179361	0.06310679611650485	0.06310679611650485
2R	28499852	G	A	AGAP002868-RA	Ile336Ile	1008C>T	False	1179362	0.038834951456310676	0.038834951456310676
2R	28499923	C	T	AGAP002868-RA	Val313Ile	937G>A	True	1179363	0.616504854368932	0.616504854368932
2R	28499945	G	C	AGAP002868-RA	Ala305Ala	915C>G	False	1179364	0.6262135922330098	0.6262135922330098
2R	28499948	C	A	AGAP002868-RA	Leu304Leu	912G>T	False	1179365	0.22815533980582525	0.22815533980582525
2R	28499954	G	A	AGAP002868-RA	Asn302Asn	906C>T	False	1179366	0.04854368932038835	0.04854368932038835
2R	28499985	G	A	AGAP002868-RA	Ala292Val	875C>T	True	1179367	0.22815533980582525	0.22815533980582525
2R	28499987	C	T	AGAP002868-RA	Ser291Ser	873G>A	False	1179368	0.616504854368932	0.616504854368932
2R	28499993	C	A	AGAP002868-RA	Glu289Asp	867G>T	True	1179369	0.8640776699029126	0.8640776699029126
2R	28500008	C	T	AGAP002868-RA	Glu284Glu	852G>A	False	1179370	0.6359223300970874	0.6359223300970874
2R	28500044	G	A	AGAP002868-RA	Asn272Asn	816C>T	False	1179371	0.014563106796116505	0.014563106796116505
2R	28500104	G	T	AGAP002868-RA	Leu252Leu	756C>A	False	1179372	0.6116504854368932	0.6116504854368932
2R	28500169	C	G	AGAP002868-RA	Ala231Pro	691G>C	True	1179373	0.03398058252427184	0.03398058252427184
2R	28500173	G	A	AGAP002868-RA	Phe229Phe	687C>T	False	1179374	0.21359223300970873	0.21359223300970873
2R	28500263	C	G	AGAP002868-RA	Arg199Arg	597G>C	False	1179375	0.9514563106796117	0.9514563106796117
2R	28500328	G	A	AGAP002868-RA	Leu178Leu	532C>T	False	1179376	0.05339805825242718	0.05339805825242718
2R	28500428	G	A	AGAP002868-RA	Gly144Gly	432C>T	False	1179377	0.05339805825242718	0.05339805825242718
2R	28500460	T	G	AGAP002868-RA	Arg134Arg	400A>C	False	1179378	0.6262135922330098	0.6262135922330098
2R	28500491	G	A	AGAP002868-RA	Phe123Phe	369C>T	False	1179379	0.05339805825242718	0.05339805825242718
2R	28500650	G	A	AGAP002868-RA	Arg70Arg	210C>T	False	1179380	0.014563106796116505	0.014563106796116505
2R	28500725	C	T	AGAP002868-RA	Gly45Gly	135G>A	False	1179381	0.22815533980582525	0.22815533980582525
2R	28500835	G	A	AGAP002868-RA	Leu9Phe	25C>T	True	1179382	0.04854368932038835	0.04854368932038835
2R	28500842	T	C	AGAP002868-RA	Val6Val	18A>G	False	1179383	0.9514563106796117	0.9514563106796117
2R	28500850	G	A	AGAP002868-RA	Leu4Phe	10C>T	True	1179384	0.03398058252427184	0.03398058252427184
2R	28500924	C	T	AGAP002867-RA		-1G>A	False	1179385	0.6262135922330098	0.6262135922330098
2R	28500936	C	T	AGAP002867-RA		-1G>A	False	1179386	0.02912621359223301	0.02912621359223301
2R	28500939	G	A	AGAP002867-RA		-1C>T	False	1179387	0.8737864077669902	0.8737864077669902
2R	28500951	G	T	AGAP002867-RA		-1C>A	False	1179388	0.6213592233009708	0.6213592233009708
2R	28500958	C	T	AGAP002867-RA		-1G>A	False	1179389	0.6796116504854369	0.6796116504854369
2R	28500996	A	G	AGAP002867-RA		-1T>C	False	1179390	0.6990291262135923	0.6990291262135923
2R	28501022	C	T	AGAP002867-RA		-1G>A	False	1179391	0.06796116504854369	0.06796116504854369
2R	28501032	A	G	AGAP002867-RA		-1T>C	False	1179392	0.9757281553398058	0.9757281553398058
2R	28501040	G	A	AGAP002869-RA		*264C>T	False	1179393	0.014563106796116505	0.014563106796116505
2R	28501084	T	C	AGAP002869-RA		*220A>G	False	1179394	0.9029126213592233	0.9029126213592233
2R	28501124	C	T	AGAP002869-RA		*180G>A	False	1179395	0.014563106796116505	0.014563106796116505
2R	28501126	G	A	AGAP002869-RA		*178C>T	False	1179396	0.05339805825242718	0.05339805825242718
2R	28501140	G	A	AGAP002869-RA		*164C>T	False	1179397	0.05339805825242718	0.05339805825242718
2R	28501155	G	A	AGAP002869-RA		*149C>T	False	1179398	0.014563106796116505	0.014563106796116505
2R	28501175	C	A	AGAP002869-RA		*129G>T	False	1179399	0.014563106796116505	0.014563106796116505
2R	28501178	C	T	AGAP002869-RA		*126G>A	False	1179400	0.08737864077669903	0.08737864077669903
2R	28501188	G	A	AGAP002869-RA		*116C>T	False	1179401	0.8252427184466019	0.8252427184466019
2R	28501210	T	G	AGAP002869-RA		*94A>C	False	1179402	0.9320388349514563	0.9320388349514563
2R	28501230	C	T	AGAP002869-RA		*74G>A	False	1179403	0.6941747572815534	0.6941747572815534
2R	28501239	A	T	AGAP002869-RA		*65T>A	False	1179404	0.014563106796116505	0.014563106796116505
2R	28501241	C	A	AGAP002869-RA		*63G>T	False	1179405	0.04854368932038835	0.04854368932038835
2R	28501249	G	A	AGAP002869-RA		*55C>T	False	1179406	0.06310679611650485	0.06310679611650485
2R	28501251	C	T	AGAP002869-RA		*53G>A	False	1179407	0.6941747572815534	0.6941747572815534
2R	28501256	G	T	AGAP002869-RA		*48C>A	False	1179408	0.014563106796116505	0.014563106796116505
2R	28501271	A	T	AGAP002869-RA		*33T>A	False	1179409	0.16990291262135923	0.16990291262135923
2R	28501278	C	A	AGAP002869-RA		*26G>T	False	1179410	0.16990291262135923	0.16990291262135923
2R	28501282	A	T	AGAP002869-RA		*22T>A	False	1179411	0.6407766990291263	0.6407766990291263
2R	28501294	G	T	AGAP002869-RA		*10C>A	False	1179412	0.7038834951456311	0.7038834951456311
2R	28501300	T	A	AGAP002869-RA		*4A>T	False	1179413	0.1262135922330097	0.1262135922330097
2R	28501301	G	C	AGAP002869-RA		*3C>G	False	1179414	0.20388349514563106	0.20388349514563106
2R	28501326	T	A	AGAP002869-RA	Tyr501Phe	1502A>T	True	1179415	0.2087378640776699	0.2087378640776699
2R	28501379	G	A	AGAP002869-RA	Asp483Asp	1449C>T	False	1179416	0.014563106796116505	0.014563106796116505
2R	28501382	A	G	AGAP002869-RA	Pro482Pro	1446T>C	False	1179417	0.18932038834951456	0.18932038834951456
2R	28501394	C	T	AGAP002869-RA	Thr478Thr	1434G>A	False	1179418	0.014563106796116505	0.014563106796116505
2R	28501415	A	C	AGAP002869-RA	Arg471Arg	1413T>G	False	1179419	0.024271844660194174	0.024271844660194174
2R	28501442	C	G	AGAP002869-RA	Thr462Thr	1386G>C	False	1179420	0.05825242718446602	0.05825242718446602
2R	28501454	G	T	AGAP002869-RA	Gly458Gly	1374C>A	False	1179421	0.09223300970873786	0.09223300970873786
2R	28501478	G	C	AGAP002869-RA	Arg450Arg	1350C>G	False	1179422	0.038834951456310676	0.038834951456310676
2R	28501483	G	A	AGAP002869-RA	Pro449Ser	1345C>T	True	1179423	0.6067961165048543	0.6067961165048543
2R	28501499	C	T	AGAP002869-RA	Met443Ile	1329G>A	True	1179424	0.019417475728155338	0.019417475728155338
2R	28501646	C	T	AGAP002869-RA	Thr394Thr	1182G>A	False	1179425	0.024271844660194174	0.024271844660194174
2R	28501668	T	A	AGAP002869-RA	His387Leu	1160A>T	True	1179426	0.038834951456310676	0.038834951456310676
2R	28501700	G	T	AGAP002869-RA	Pro376Pro	1128C>A	False	1179427	0.08737864077669903	0.08737864077669903
2R	28501749	A	G	AGAP002867-RA		-1T>C	False	1179428	0.014563106796116505	0.014563106796116505
2R	28501752	A	G	AGAP002867-RA		-1T>C	False	1179429	0.941747572815534	0.941747572815534
2R	28501783	T	C	AGAP002869-RA		1108+4A>G	False	1179430	0.9854368932038835	0.9854368932038835
2R	28501800	G	A	AGAP002869-RA	Asn365Asn	1095C>T	False	1179431	0.02912621359223301	0.02912621359223301
2R	28501824	T	A	AGAP002869-RA	Val357Val	1071A>T	False	1179432	0.038834951456310676	0.038834951456310676
2R	28501838	G	C	AGAP002869-RA	Leu353Val	1057C>G	True	1179433	0.7038834951456311	0.7038834951456311
2R	28501923	G	A	AGAP002869-RA	Cys324Cys	972C>T	False	1179434	0.7378640776699029	0.7378640776699029
2R	28502113	C	T	AGAP002869-RA	Arg261Gln	782G>A	True	1179435	0.05339805825242718	0.05339805825242718
2R	28502151	G	A	AGAP002869-RA	Phe248Phe	744C>T	False	1179436	0.038834951456310676	0.038834951456310676
2R	28502197	C	T	AGAP002869-RA	Ser233Asn	698G>A	True	1179437	0.04854368932038835	0.04854368932038835
2R	28502303	G	T	AGAP002869-RA	Arg198Ser	592C>A	True	1179438	0.6262135922330098	0.6262135922330098
2R	28502388	T	G	AGAP002869-RA	Gly169Gly	507A>C	False	1179439	0.7669902912621359	0.7669902912621359
2R	28502490	T	C	AGAP002869-RA	Gln135Gln	405A>G	False	1179440	0.7718446601941747	0.7718446601941747
2R	28502529	C	T	AGAP002869-RA	Leu122Leu	366G>A	False	1179441	0.02912621359223301	0.02912621359223301
2R	28502574	C	T	AGAP002869-RA	Arg107Arg	321G>A	False	1179442	0.06310679611650485	0.06310679611650485
2R	28502643	C	T	AGAP002869-RA	Ala84Ala	252G>A	False	1179443	0.04854368932038835	0.04854368932038835
2R	28502660	T	A	AGAP002869-RA	Met79Leu	235A>T	True	1179444	0.03398058252427184	0.03398058252427184
2R	28502677	G	A	AGAP002869-RA	Ala73Val	218C>T	True	1179445	0.04854368932038835	0.04854368932038835
2R	28502694	A	G	AGAP002869-RA	Phe67Phe	201T>C	False	1179446	0.02912621359223301	0.02912621359223301
2R	28502715	C	A	AGAP002869-RA	Ser60Ser	180G>T	False	1179447	0.038834951456310676	0.038834951456310676
2R	28502739	G	C	AGAP002869-RA	Thr52Thr	156C>G	False	1179448	0.9514563106796117	0.9514563106796117
2R	28502742	A	G	AGAP002869-RA	Asn51Asn	153T>C	False	1179449	0.7184466019417476	0.7184466019417476
2R	28502784	C	T	AGAP002869-RA	Leu37Leu	111G>A	False	1179450	0.7184466019417476	0.7184466019417476
2R	28502844	C	T	AGAP002869-RA	Gly17Gly	51G>A	False	1179451	0.07281553398058252	0.07281553398058252
2R	28502850	C	T	AGAP002869-RA	Ala15Ala	45G>A	False	1179452	0.7184466019417476	0.7184466019417476
2R	28502873	A	G	AGAP002869-RA	Leu8Leu	22T>C	False	1179453	0.18446601941747573	0.18446601941747573
2R	28502897	T	C	AGAP002869-RA		-3A>G	False	1179454	0.038834951456310676	0.038834951456310676
2R	28502924	C	A	AGAP002867-RA		-1G>T	False	1179455	0.7184466019417476	0.7184466019417476
2R	28502944	A	G	AGAP002867-RA		-1T>C	False	1179456	0.9805825242718447	0.9805825242718447
2R	28502946	G	T	AGAP002867-RA		-1C>A	False	1179457	0.9805825242718447	0.9805825242718447
2R	28502948	T	C	AGAP002867-RA		-1A>G	False	1179458	0.12135922330097088	0.12135922330097088
2R	28502958	C	T	AGAP002867-RA		-1G>A	False	1179459	0.13106796116504854	0.13106796116504854
2R	28502979	G	A	AGAP002867-RA		-1C>T	False	1179460	0.014563106796116505	0.014563106796116505
2R	28502982	G	A	AGAP002867-RA		-1C>T	False	1179461	0.019417475728155338	0.019417475728155338
2R	28502995	T	A	AGAP002867-RA		-1A>T	False	1179462	0.038834951456310676	0.038834951456310676
2R	28502997	G	A	AGAP002867-RA		-1C>T	False	1179463	0.019417475728155338	0.019417475728155338
2R	28503003	C	G	AGAP002867-RA		-1G>C	False	1179464	0.019417475728155338	0.019417475728155338
2R	28503036	C	T	AGAP002867-RA		-1G>A	False	1179465	0.014563106796116505	0.014563106796116505
2R	28503068	C	T	AGAP002867-RA		-1G>A	False	1179466	0.6019417475728155	0.6019417475728155
2R	28503074	A	G	AGAP002867-RA		-1T>C	False	1179467	0.014563106796116505	0.014563106796116505
2R	28503078	C	T	AGAP002867-RA		-1G>A	False	1179468	0.038834951456310676	0.038834951456310676
2R	28503079	A	T	AGAP002867-RA		-1T>A	False	1179469	0.014563106796116505	0.014563106796116505
2R	28503109	C	T	AGAP002867-RA		-1G>A	False	1179470	0.014563106796116505	0.014563106796116505
2R	28503122	A	C	AGAP002867-RA		-1T>G	False	1179471	0.014563106796116505	0.014563106796116505
2R	28503343	T	A	AGAP002867-RA		-1A>T	False	1179472	0.014563106796116505	0.014563106796116505
2R	28503353	A	G	AGAP002867-RA		-1T>C	False	1179473	0.18446601941747573	0.18446601941747573
2R	28504032	A	G	AGAP002868-RA		-42T>C	False	1179474	0.941747572815534	0.941747572815534
2R	28504067	C	T	AGAP002868-RA		-42G>A	False	1179475	0.06310679611650485	0.06310679611650485
2R	28504069	C	T	AGAP002868-RA		-42G>A	False	1179476	0.18446601941747573	0.18446601941747573
2R	28504084	A	T	AGAP002868-RA		-42T>A	False	1179477	0.6019417475728155	0.6019417475728155
2R	28504085	G	A	AGAP002868-RA		-42C>T	False	1179478	0.024271844660194174	0.024271844660194174
2R	28504093	G	A	AGAP002868-RA		-42C>T	False	1179479	0.024271844660194174	0.024271844660194174
2R	28504140	T	C	AGAP002868-RA		-42A>G	False	1179480	0.32524271844660196	0.32524271844660196
2R	28504203	C	T	AGAP002868-RA		-42G>A	False	1179481	0.07281553398058252	0.07281553398058252
2R	28504240	T	A	AGAP002868-RA		-42A>T	False	1179482	0.32524271844660196	0.32524271844660196
2R	28504257	C	G	AGAP002870-RA	Glu498Asp	1494G>C	True	1179483	0.043689320388349516	0.043689320388349516
2R	28504332	A	G	AGAP002870-RA	Arg473Arg	1419T>C	False	1179484	0.5970873786407767	0.5970873786407767
2R	28504365	C	T	AGAP002870-RA	Val462Val	1386G>A	False	1179485	0.038834951456310676	0.038834951456310676
2R	28504428	T	C	AGAP002870-RA	Pro441Pro	1323A>G	False	1179486	0.05339805825242718	0.05339805825242718
2R	28504554	C	T	AGAP002870-RA	Ala399Ala	1197G>A	False	1179487	0.05339805825242718	0.05339805825242718
2R	28504581	A	G	AGAP002870-RA	Gly390Gly	1170T>C	False	1179488	0.05825242718446602	0.05825242718446602
2R	28504590	G	T	AGAP002870-RA	Ile387Ile	1161C>A	False	1179489	0.04854368932038835	0.04854368932038835
2R	28504608	A	G	AGAP002870-RA	Ile381Ile	1143T>C	False	1179490	0.04854368932038835	0.04854368932038835
2R	28504676	G	A	AGAP002870-RA		1079-4C>T	False	1179491	0.06796116504854369	0.06796116504854369
2R	28504815	T	A	AGAP002870-RA	Ala334Ala	1002A>T	False	1179492	0.014563106796116505	0.014563106796116505
2R	28504825	C	T	AGAP002870-RA	Ser331Asn	992G>A	True	1179493	0.014563106796116505	0.014563106796116505
2R	28504848	C	T	AGAP002870-RA	Ala323Ala	969G>A	False	1179494	0.18932038834951456	0.18932038834951456
2R	28504911	G	A	AGAP002870-RA	Ala302Ala	906C>T	False	1179495	0.18932038834951456	0.18932038834951456
2R	28505010	C	T	AGAP002870-RA	Val269Val	807G>A	False	1179496	0.18446601941747573	0.18446601941747573
2R	28505079	C	T	AGAP002870-RA	Glu246Glu	738G>A	False	1179497	0.06796116504854369	0.06796116504854369
2R	28505099	T	A	AGAP002870-RA	Met240Leu	718A>T	True	1179498	0.014563106796116505	0.014563106796116505
2R	28505136	C	T	AGAP002870-RA	Leu227Leu	681G>A	False	1179499	0.6310679611650486	0.6310679611650486
2R	28505184	C	T	AGAP002870-RA	Ala211Ala	633G>A	False	1179500	0.6019417475728155	0.6019417475728155
2R	28505186	C	T	AGAP002870-RA	Ala211Thr	631G>A	True	1179501	0.06310679611650485	0.06310679611650485
2R	28505244	G	A	AGAP002870-RA	Gly191Gly	573C>T	False	1179502	0.6116504854368932	0.6116504854368932
2R	28505259	G	C	AGAP002870-RA	Ala186Ala	558C>G	False	1179503	0.9854368932038835	0.9854368932038835
2R	28505277	A	G	AGAP002870-RA	Asp180Asp	540T>C	False	1179504	0.019417475728155338	0.019417475728155338
2R	28505286	C	T	AGAP002870-RA	Glu177Glu	531G>A	False	1179505	0.05339805825242718	0.05339805825242718
2R	28505382	C	T	AGAP002870-RA	Gly145Gly	435G>A	False	1179506	0.25728155339805825	0.25728155339805825
2R	28505388	C	T	AGAP002870-RA	Ala143Ala	429G>A	False	1179507	0.25728155339805825	0.25728155339805825
2R	28505412	G	T	AGAP002870-RA	Arg135Arg	405C>A	False	1179508	0.25728155339805825	0.25728155339805825
2R	28505424	T	C	AGAP002870-RA	Glu131Glu	393A>G	False	1179509	0.07766990291262135	0.07766990291262135
2R	28505427	G	A	AGAP002870-RA	Gly130Gly	390C>T	False	1179510	0.07766990291262135	0.07766990291262135
2R	28505466	C	T	AGAP002870-RA	Val117Val	351G>A	False	1179511	0.07766990291262135	0.07766990291262135
2R	28505472	G	A	AGAP002870-RA	Ala115Ala	345C>T	False	1179512	0.024271844660194174	0.024271844660194174
2R	28505484	C	T	AGAP002870-RA	Leu111Leu	333G>A	False	1179513	0.019417475728155338	0.019417475728155338
2R	28505508	G	A	AGAP002870-RA	Phe103Phe	309C>T	False	1179514	0.014563106796116505	0.014563106796116505
2R	28505514	G	T	AGAP002870-RA	Asn101Lys	303C>A	True	1179515	0.616504854368932	0.616504854368932
2R	28505526	C	G	AGAP002870-RA	Arg97Arg	291G>C	False	1179516	0.2912621359223301	0.2912621359223301
2R	28505529	C	T	AGAP002870-RA	Glu96Glu	288G>A	False	1179517	0.18932038834951456	0.18932038834951456
2R	28505532	G	A	AGAP002870-RA	Ile95Ile	285C>T	False	1179518	0.07766990291262135	0.07766990291262135
2R	28505562	G	C	AGAP002870-RA	Pro85Pro	255C>G	False	1179519	0.014563106796116505	0.014563106796116505
2R	28505601	G	A	AGAP002870-RA	Arg72Arg	216C>T	False	1179520	0.6310679611650486	0.6310679611650486
2R	28505624	G	T	AGAP002870-RA	Leu65Met	193C>A	True	1179521	0.014563106796116505	0.014563106796116505
2R	28505649	G	A	AGAP002870-RA	His56His	168C>T	False	1179522	0.6213592233009708	0.6213592233009708
2R	28505693	G	A	AGAP002870-RA	Pro42Ser	124C>T	True	1179523	0.014563106796116505	0.014563106796116505
2R	28505705	C	A	AGAP002870-RA	Ala38Ser	112G>T	True	1179524	0.014563106796116505	0.014563106796116505
2R	28505722	T	G	AGAP002870-RA	Gln32Pro	95A>C	True	1179525	0.06796116504854369	0.06796116504854369
2R	28505742	A	T	AGAP002870-RA	Arg25Arg	75T>A	False	1179526	0.38349514563106796	0.38349514563106796
2R	28505763	A	G	AGAP002870-RA	Val18Val	54T>C	False	1179527	0.38349514563106796	0.38349514563106796
2R	28505774	G	A	AGAP002870-RA	Leu15Leu	43C>T	False	1179528	0.019417475728155338	0.019417475728155338
2R	28505783	T	C	AGAP002870-RA	Thr12Ala	34A>G	True	1179529	0.19902912621359223	0.19902912621359223
2R	28505808	C	T	AGAP002870-RA	Ala3Ala	9G>A	False	1179530	0.06796116504854369	0.06796116504854369
