2R:28481888 AGAP002862-RA Ala226Val	2R:28481894 AGAP002862-RA Ala224Val	2R:28482477 AGAP002862-RA Ala30Thr	2R:28484276 AGAP013128-RA Gly198Glu	2R:28484322 AGAP013128-RA Val183Ile	2R:28484558 AGAP013128-RA Met104Lys	2R:28484559 AGAP013128-RA Met104Leu	2R:28484673 AGAP013128-RA Lys66Gln	2R:28484738 AGAP013128-RA Lys44Arg	2R:28484755 AGAP013128-RA Phe38Leu	2R:28485871 AGAP002863-RA Ser374Asn	2R:28486120 AGAP002863-RA Ala291Asp	2R:28486181 AGAP002863-RA Pro271Ser	2R:28486240 AGAP002863-RA Ala251Glu	2R:28486249 AGAP002863-RA Lys248Arg	2R:28486261 AGAP002863-RA Gln244Leu	2R:28486295 AGAP002863-RA Ile233Leu	2R:28486354 AGAP002863-RA Thr213Met	2R:28486709 AGAP002863-RA Ala95Thr	2R:28486807 AGAP002863-RA Ala62Gly	2R:28487654 AGAP002864-RA Ser459Gly	2R:28487689 AGAP002864-RA Met447Thr	2R:28487752 AGAP002864-RA Arg426Lys	2R:28487822 AGAP002864-RA Gln403Glu	2R:28487860 AGAP002864-RA Ser390Phe	2R:28487879 AGAP002864-RA Lys384Glu	2R:28488144 AGAP002864-RA Ala317Ser	2R:28488150 AGAP002864-RA Pro315Ser	2R:28488162 AGAP002864-RA Gln311Lys	2R:28488234 AGAP002864-RA Gly287Ser	2R:28488243 AGAP002864-RA Val284Ile	2R:28488393 AGAP002864-RA Leu234Val	2R:28488427 AGAP002864-RA Asp222Glu	2R:28488486 AGAP002864-RA Val203Ile	2R:28488586 AGAP002864-RA Met169Ile	2R:28488615 AGAP002864-RA Val160Met	2R:28488621 AGAP002864-RA Val158Ile	2R:28488638 AGAP002864-RA Ser152Leu	2R:28488665 AGAP002864-RA Glu143Val	2R:28488776 AGAP002864-RA Gly106Val	2R:28489059 AGAP002864-RA Thr12Ala	2R:28494247 AGAP002866-RA Glu434Lys	2R:28494384 AGAP002866-RA Ser388Thr	2R:28494867 AGAP002866-RA Tyr260Phe	2R:28495384 AGAP002866-RA Val88Ile	2R:28495388 AGAP002866-RA Ile86Met	2R:28495491 AGAP002866-RA Arg52Gln	2R:28495539 AGAP002866-RA His36Arg	2R:28495540 AGAP002866-RA His36Tyr	2R:28495565 AGAP002866-RA Arg27Ser	2R:28495566 AGAP002866-RA Arg27Lys	2R:28495617 AGAP002866-RA Ala10Val	2R:28497678 AGAP002867-RA Ile333Val	2R:28497967 AGAP002867-RA Ile236Met	2R:28499282 AGAP002868-RA Gly500Glu	2R:28499339 AGAP002868-RA Ala481Val	2R:28499354 AGAP002868-RA Arg476His	2R:28499360 AGAP002868-RA Ala474Glu	2R:28499390 AGAP002868-RA Val464Ala	2R:28499468 AGAP002868-RA Asn438Thr	2R:28499923 AGAP002868-RA Val313Ile	2R:28499985 AGAP002868-RA Ala292Val	2R:28499993 AGAP002868-RA Glu289Asp	2R:28500169 AGAP002868-RA Ala231Pro	2R:28500835 AGAP002868-RA Leu9Phe	2R:28500850 AGAP002868-RA Leu4Phe	2R:28501326 AGAP002869-RA Tyr501Phe	2R:28501483 AGAP002869-RA Pro449Ser	2R:28501499 AGAP002869-RA Met443Ile	2R:28501668 AGAP002869-RA His387Leu	2R:28501838 AGAP002869-RA Leu353Val	2R:28502113 AGAP002869-RA Arg261Gln	2R:28502197 AGAP002869-RA Ser233Asn	2R:28502303 AGAP002869-RA Arg198Ser	2R:28502660 AGAP002869-RA Met79Leu	2R:28502677 AGAP002869-RA Ala73Val	2R:28504257 AGAP002870-RA Glu498Asp	2R:28504825 AGAP002870-RA Ser331Asn	2R:28505099 AGAP002870-RA Met240Leu	2R:28505186 AGAP002870-RA Ala211Thr	2R:28505514 AGAP002870-RA Asn101Lys	2R:28505624 AGAP002870-RA Leu65Met	2R:28505693 AGAP002870-RA Pro42Ser	2R:28505705 AGAP002870-RA Ala38Ser	2R:28505722 AGAP002870-RA Gln32Pro	2R:28505783 AGAP002870-RA Thr12Ala
	-0.03	-0.053594224	-0.03	-0.03	-0.043077487	-0.043077487	0.6964194	-0.09509874	-0.28137535	0.34871805	-0.0598912	-0.0647946	0.5968668	0.05351079	-0.03	-0.056796186	-0.03	0.030000055	-0.03481553	-0.09504505	1.0	-0.043077487	0.059891224	-0.062897086	0.039123032	-0.062897086	-0.043077487	0.044464856	1.0	0.041471295	-0.043077487	0.05351079	-0.06869571	1.0	0.41952354	1.0	0.106875636	0.41952354	-0.065828055	-0.03	0.110991605	0.3763863	-0.03	-0.29366952	0.40742332	-0.03	-0.29366952	-0.37188783	-0.3544932	-0.3606802	-0.07427814	-0.07150969	-0.24285267	-0.03	-0.053594224	-0.22989844	-0.03481553	-0.053594224	-0.082837395	-0.23732094	0.3787645	0.105830066	0.641427	-0.056796186	-0.046770718	0.40742332	-0.22989844	0.8616844	-0.05026247	-0.2954175	-0.0598912	-0.056796186	-0.25726923	-0.046770718	-0.056796186	0.5597619	-0.03	-0.03	-0.065828055	-0.23732094	-0.03	-0.03	-0.03	-0.06869571	0.09141324
-0.03		-0.053594224	-0.03	-0.03	-0.043077487	-0.043077487	-0.043077487	0.13269591	0.095009856	0.04603863	0.12704195	0.042848036	0.38115704	-0.05048187	-0.03	0.13820405	-0.03	0.030000055	-0.03481553	-0.09504505	-0.03	0.44992045	-0.31397492	0.11705847	-0.229522	0.11705847	0.20342149	-0.059623342	-0.03	0.041471295	0.20342149	-0.05048187	0.2682404	-0.03	0.09216805	-0.03	-0.13243285	0.09216805	0.28187913	-0.03	-0.12968494	0.07232521	-0.03	-0.102830656	-0.1361596	-0.03	-0.102830656	0.14855306	0.14982729	0.14407608	0.24449888	0.09216805	-0.15287489	-0.03	0.35530984	-0.22989844	0.26401776	0.35530984	0.18802772	-0.23732094	0.065828055	-0.28347334	0.18262851	0.13820405	0.41202775	0.08127356	-0.22989844	0.26401776	0.1654473	-0.112116285	0.12704195	0.13820405	-0.16396384	0.18262851	0.13820405	-0.053594224	-0.03	0.31333333	0.28187913	-0.23732094	0.31333333	-0.03	0.31333333	0.09977235	0.09141324
-0.053594224	-0.053594224		0.35530984	0.35530984	0.21661918	0.21661918	0.36340716	0.23705785	-0.16646855	-0.09799618	0.3382742	0.012446548	0.29556727	-0.028257828	0.35530984	0.3630189	0.35530984	-0.55976444	0.64961356	0.25162476	-0.053594224	0.5101952	-0.3382741	0.10195993	-0.57001096	0.10195993	-0.07695682	0.07943531	-0.053594224	0.074087396	-0.07695682	-0.15211128	0.07791943	-0.053594224	0.06718713	-0.053594224	-0.23658785	0.06718713	0.08945649	0.5597619	-0.23167878	0.038674235	0.5597619	-0.07006139	-0.2432456	0.5597619	-0.07006139	0.0174517	-0.09271964	0.016925754	0.15204744	0.55453044	-0.112363994	-0.053594224	0.75650114	-0.09965701	-0.062197044	0.75650114	-0.06733793	-0.109804556	-0.2551018	-0.5064178	0.32626107	-0.101464905	-0.08355467	-0.2432456	-0.09965701	-0.062197044	0.8093805	0.1817472	-0.10699408	-0.101464905	-0.12622951	-0.08355467	-0.101464905	0.026004724	-0.053594224	-0.053594224	0.19298479	-0.109804556	-0.053594224	-0.053594224	-0.053594224	0.27856195	-0.1744569
-0.03	-0.03	0.35530984		1.0	0.6964194	0.6964194	-0.043077487	0.018798567	-0.18727903	-0.054854516	-0.0598912	0.042848036	-0.05026247	-0.05048187	1.0	-0.056796186	1.0	0.030000055	-0.03481553	0.022902409	-0.03	-0.043077487	0.059891224	0.4769696	0.039123032	0.4769696	-0.043077487	0.25264126	-0.03	0.24983932	-0.043077487	0.26149613	0.43670845	-0.03	0.41952354	-0.03	-0.012778607	0.41952354	0.4557327	-0.03	-0.009346665	0.3763863	-0.03	0.088008195	-0.02744302	-0.03	0.088008195	0.04446485	-0.15276502	0.043124806	-0.07427814	-0.07150969	-0.15287489	-0.03	-0.053594224	-0.14284131	-0.03481553	-0.053594224	0.18802772	-0.14939268	-0.0384841	-0.28347334	-0.046770718	-0.056796186	-0.046770718	-0.02744302	-0.14284131	-0.03481553	-0.05026247	-0.2037669	-0.0598912	-0.056796186	-0.07065846	0.18262851	-0.056796186	0.35530984	-0.03	-0.03	0.108025536	-0.14939268	-0.03	0.31333333	-0.03	-0.06869571	0.20485377
-0.03	-0.03	0.35530984	1.0		0.6964194	0.6964194	-0.043077487	0.018798567	-0.18727903	-0.054854516	-0.0598912	0.042848036	-0.05026247	-0.05048187	1.0	-0.056796186	1.0	0.030000055	-0.03481553	0.022902409	-0.03	-0.043077487	0.059891224	0.4769696	0.039123032	0.4769696	-0.043077487	0.25264126	-0.03	0.24983932	-0.043077487	0.26149613	0.43670845	-0.03	0.41952354	-0.03	-0.012778607	0.41952354	0.4557327	-0.03	-0.009346665	0.3763863	-0.03	0.088008195	-0.02744302	-0.03	0.088008195	0.04446485	-0.15276502	0.043124806	-0.07427814	-0.07150969	-0.15287489	-0.03	-0.053594224	-0.14284131	-0.03481553	-0.053594224	0.18802772	-0.14939268	-0.0384841	-0.28347334	-0.046770718	-0.056796186	-0.046770718	-0.02744302	-0.14284131	-0.03481553	-0.05026247	-0.2037669	-0.0598912	-0.056796186	-0.07065846	0.18262851	-0.056796186	0.35530984	-0.03	-0.03	0.108025536	-0.14939268	-0.03	0.31333333	-0.03	-0.06869571	0.20485377
-0.043077487	-0.043077487	0.21661918	0.6964194	0.6964194		1.0	-0.061855666	0.1087667	-0.066245414	0.06610762	-0.08599876	0.13880913	-0.0721727	-0.14715011	0.6964194	-0.08155457	0.6964194	0.04307757	-0.049992193	0.117567316	-0.043077487	-0.061855666	0.08599879	0.4264873	0.056177396	0.4264873	-0.061855666	0.13857877	-0.043077487	0.13434906	-0.061855666	0.15149938	0.38517076	-0.043077487	0.36737314	-0.043077487	-0.10425575	0.36737314	0.40475482	-0.043077487	-0.09981887	0.32215607	-0.043077487	-0.010641893	-0.11745984	-0.043077487	-0.010641893	0.13857877	-0.0021091583	0.13440241	0.23664562	-0.102681935	-0.21951553	0.6964194	-0.07695682	-0.20510818	0.59365726	-0.07695682	0.46446192	-0.21451539	-0.13015172	-0.22070831	-0.06715883	0.05844744	-0.06715883	-0.11745984	-0.20510818	-0.049992193	-0.0721727	-0.095188305	0.04821143	0.05844744	-0.16844901	0.097540215	0.05844744	0.21661918	0.6964194	-0.043077487	0.030296018	-0.025128962	-0.043077487	0.20342149	-0.043077487	0.022311723	0.049816202
-0.043077487	-0.043077487	0.21661918	0.6964194	0.6964194	1.0		-0.061855666	0.1087667	-0.066245414	0.06610762	-0.08599876	0.13880913	-0.0721727	-0.14715011	0.6964194	-0.08155457	0.6964194	0.04307757	-0.049992193	0.117567316	-0.043077487	-0.061855666	0.08599879	0.4264873	0.056177396	0.4264873	-0.061855666	0.13857877	-0.043077487	0.13434906	-0.061855666	0.15149938	0.38517076	-0.043077487	0.36737314	-0.043077487	-0.10425575	0.36737314	0.40475482	-0.043077487	-0.09981887	0.32215607	-0.043077487	-0.010641893	-0.11745984	-0.043077487	-0.010641893	0.13857877	-0.0021091583	0.13440241	0.23664562	-0.102681935	-0.21951553	0.6964194	-0.07695682	-0.20510818	0.59365726	-0.07695682	0.46446192	-0.21451539	-0.13015172	-0.22070831	-0.06715883	0.05844744	-0.06715883	-0.11745984	-0.20510818	-0.049992193	-0.0721727	-0.095188305	0.04821143	0.05844744	-0.16844901	0.097540215	0.05844744	0.21661918	0.6964194	-0.043077487	0.030296018	-0.025128962	-0.043077487	0.20342149	-0.043077487	0.022311723	0.049816202
0.6964194	-0.043077487	0.36340716	-0.043077487	-0.043077487	-0.061855666	-0.061855666		0.026993169	-0.26891702	0.35585585	-0.08599876	0.061526194	0.8570508	-0.07248774	-0.043077487	-0.08155457	-0.043077487	-0.69642246	-0.049992193	0.032885943	0.6964194	-0.061855666	0.08599879	-0.090314955	0.056177396	-0.090314955	-0.061855666	-0.08561413	0.6964194	-0.09005021	-0.061855666	-0.07248774	-0.09864129	0.6964194	0.24985938	0.6964194	-0.01834901	0.24985938	-0.09452358	0.6964194	-0.013421029	0.21300453	0.6964194	-0.28467056	0.19475597	0.6964194	-0.28467056	-0.16034506	-0.14694159	-0.15551272	0.23664562	0.24985938	-0.21951553	-0.043077487	0.36340716	-0.20510818	-0.049992193	0.36340716	-0.118947566	-0.21451539	0.16941534	-0.12754042	0.92103547	-0.08155457	-0.06715883	0.19475597	-0.20510818	0.59365726	0.39243907	-0.095188305	-0.08599876	-0.08155457	-0.23543836	-0.06715883	-0.08155457	0.36340716	-0.043077487	-0.043077487	0.2799352	-0.21451539	-0.043077487	-0.043077487	-0.043077487	-0.09864129	-0.031629354
-0.09509874	0.13269591	0.23705785	0.018798567	0.018798567	0.1087667	0.1087667	0.026993169		0.6931057	-0.8172593	0.14088428	0.72701466	0.07920173	-0.73116714	0.018798567	0.18653145	0.018798567	-0.13269535	0.15399593	0.90298015	-0.09509874	0.19054022	-0.2028972	0.09911098	-0.1730497	0.09911098	0.1087667	-0.6916097	-0.09509874	-0.6788243	0.1087667	-0.76566553	0.024416858	-0.09509874	0.044809323	-0.09509874	-0.92259806	0.044809323	0.11814793	0.13269591	-0.9433757	-0.050924238	0.13269591	0.6764214	-0.87642956	0.13269591	0.6764214	0.82771844	0.8095527	0.83626336	0.1699202	0.20770456	0.5766982	0.13269591	0.23705785	0.56442755	0.15399593	0.23705785	0.051907476	0.5635621	-0.78716826	-0.12371447	0.054674413	0.12184216	0.13077529	-0.840364	0.56442755	-0.044273864	0.22232078	0.73914653	0.078871146	0.12184216	0.5911141	0.054674413	0.12184216	-0.1698914	0.13269591	0.13269591	0.06047381	0.59273183	-0.09509874	-0.09509874	-0.09509874	0.1920796	-0.86847603
-0.28137535	0.095009856	-0.16646855	-0.18727903	-0.18727903	-0.066245414	-0.066245414	-0.26891702	0.6931057		-0.7326297	-0.18602759	0.6739473	-0.21523875	-0.6793186	-0.18727903	-0.17641416	-0.18727903	0.09318304	-0.10814023	0.6314457	-0.28137535	0.0013118103	0.1347956	-0.34332365	0.04789368	-0.34332365	-0.13380261	-0.7937743	-0.28137535	-0.77537704	-0.13380261	-0.7648214	-0.3518897	-0.28137535	-0.44640896	-0.28137535	-0.6409013	-0.44640896	-0.29976302	-0.093182735	-0.6666592	-0.45590478	-0.093182735	0.7528027	-0.69108474	-0.093182735	0.7528027	0.71816325	0.74181247	0.7241876	-0.14334846	-0.22211567	0.84035313	0.095009856	-0.11043504	0.8049674	0.13756071	-0.11043504	-0.18306534	0.79711324	-0.7008349	0.32871747	-0.20814483	-0.17641416	-0.08240336	-0.66128916	0.78110784	-0.19004054	-0.09700092	0.73184776	-0.18602759	-0.17641416	0.77783304	-0.20814483	-0.17641416	-0.27853563	0.095009856	0.00091357017	-0.20446797	0.8212115	-0.18727903	-0.18727903	-0.18727903	-0.21337515	-0.6384076
0.34871805	0.04603863	-0.09799618	-0.054854516	-0.054854516	0.06610762	0.06610762	0.35585585	-0.8172593	-0.7326297		-0.146132	-0.5789009	0.37295026	0.573216	-0.054854516	-0.18025553	-0.054854516	-0.14693238	-0.18074793	-0.79382527	0.34871805	-0.15120356	0.14613219	-0.062123947	0.124166355	-0.062123947	-0.078766495	0.55711234	0.34871805	0.54187137	-0.078766495	0.63433534	0.039413065	0.34871805	0.109740235	0.34871805	0.7541059	0.109740235	-0.035216834	0.14693178	0.7766134	0.21166992	0.14693178	-0.8142572	0.8266116	0.14693178	-0.8142572	-0.7581596	-0.7338125	-0.7649766	0.17644008	-0.08265542	-0.72315365	0.14693178	-0.03791519	-0.69893515	0.17051692	-0.03791519	0.12712397	-0.6808427	0.7300304	-0.022584178	0.29648224	-0.06564861	-0.04057812	0.7946638	-0.67335224	0.25833312	-0.07077438	-0.68979263	-0.03626634	-0.06564861	-0.6684391	-0.04057812	-0.06564861	0.2624898	0.14693178	-0.054854516	0.06696163	-0.6550038	0.14693178	0.14693178	0.14693178	-0.15861341	0.7301563
-0.0598912	0.12704195	0.3382742	-0.0598912	-0.0598912	-0.08599876	-0.08599876	-0.08599876	0.14088428	-0.18602759	-0.146132		-0.40285698	0.017103864	0.42767656	-0.0598912	0.94832253	-0.0598912	0.059891295	0.5813129	0.02431573	-0.0598912	0.45084196	-0.8982209	-0.027586482	-0.50696737	-0.027586482	0.71926236	0.069877654	-0.0598912	0.063884005	0.71926236	-0.08190718	-0.04541725	-0.0598912	-0.053643174	-0.0598912	-0.13409023	-0.053643174	-0.036760114	-0.0598912	-0.19337954	0.006429159	-0.0598912	-0.30919355	-0.15344055	-0.0598912	-0.30919355	-0.100139536	-0.03039095	-0.042157162	0.4591839	0.74840873	-0.2725355	-0.0598912	0.44959125	-0.25356486	-0.069504805	0.44959125	0.055840697	-0.26632768	0.11248592	-0.28330234	-0.093371816	-0.007215495	0.65602803	-0.212633	-0.25356486	-0.069504805	0.36944345	0.22527939	0.0839921	-0.007215495	-0.19186221	0.65602803	-0.007215495	0.11564007	-0.0598912	0.12704195	0.4365263	-0.26632768	0.12704195	0.12704195	0.12704195	0.32148293	-0.2086799
-0.0647946	0.042848036	0.012446548	0.042848036	0.042848036	0.13880913	0.13880913	0.061526194	0.72701466	0.6739473	-0.5789009	-0.40285698		0.04924501	-0.95311356	0.042848036	-0.44873312	0.042848036	-0.15049429	-0.20011652	0.8095926	-0.0647946	-0.093039624	0.40285647	0.08983389	0.14064795	0.08983389	-0.4021713	-0.7451951	-0.0647946	-0.7306591	-0.4021713	-0.6596775	0.08050969	-0.0647946	0.05081835	-0.0647946	-0.8362406	0.05081835	0.11218907	0.15049072	-0.783146	0.06617545	0.15049072	0.78508025	-0.7485481	0.15049072	0.78508025	0.788601	0.766324	0.7964857	-0.07714109	-0.2570814	0.68224466	0.15049072	-0.051653687	0.66195405	0.17464712	-0.051653687	0.07585287	0.6667044	-0.8534842	-0.0019752379	0.09077506	0.10149918	-0.3407556	-0.68037796	0.66195405	-0.0127347	-0.018384825	0.5336808	0.1246125	0.10149918	0.6177274	-0.4126774	0.10149918	-0.11575397	0.15049072	0.042848036	-0.2148528	0.6942723	-0.0647946	0.042848036	-0.0647946	-0.025127241	-0.7075245
0.5968668	0.38115704	0.29556727	-0.05026247	-0.05026247	-0.0721727	-0.0721727	0.8570508	0.07920173	-0.21523875	0.37295026	0.017103864	0.04924501		-0.062799245	-0.05026247	0.027357703	-0.05026247	-0.5968696	-0.058330487	-0.060434397	0.5968668	0.08269788	-0.13455029	0.0076838657	-0.10323707	0.0076838657	0.08269788	-0.078095	0.5968668	-0.08325093	0.08269788	-0.062799245	0.09659665	0.5968668	0.29153392	0.5968668	-0.07152713	0.29153392	0.1081684	0.5968668	-0.0660637	0.24853198	0.5968668	-0.2921845	0.113398805	0.5968668	-0.2921845	-0.07809499	-0.065832	-0.075741425	0.37625697	0.29153392	-0.27497274	-0.05026247	0.42402062	-0.2575507	0.12942077	0.42402062	0.031392317	-0.2687094	0.15398093	-0.23034391	0.78640246	0.027357703	0.20989391	0.18170336	-0.2575507	0.5049233	0.32236844	-0.13025902	0.017103864	0.027357703	-0.23562624	0.06576676	0.027357703	0.29556727	-0.05026247	0.1654473	0.32662618	-0.2687094	0.1654473	-0.05026247	0.1654473	-0.009248613	-0.013147365
0.05351079	-0.05048187	-0.028257828	-0.05048187	-0.05048187	-0.14715011	-0.14715011	-0.07248774	-0.73116714	-0.6793186	0.573216	0.42767656	-0.95311356	-0.062799245		-0.05048187	0.41631424	-0.05048187	0.15447503	0.18278554	-0.8109285	0.05351079	0.07683701	-0.3710559	-0.051331803	-0.12403037	-0.051331803	0.37548652	0.7333948	0.05351079	0.71844476	0.37548652	0.68501526	-0.047559608	0.05351079	-0.02117835	0.05351079	0.80401444	-0.02117835	-0.07566498	-0.15447453	0.7537596	-0.04202505	-0.15447453	-0.7896059	0.7148536	-0.15447453	-0.7896059	-0.7799206	-0.7255085	-0.75641596	0.14858186	0.276281	-0.67816186	-0.15447453	0.033668887	-0.6564048	-0.17927042	0.033668887	-0.057350207	-0.6627146	0.81288725	-0.04464794	-0.10186345	-0.11526054	0.31503466	0.6819243	-0.6564048	0.0017575625	0.0025373572	-0.5217833	-0.08190718	-0.11526054	-0.61818355	0.3845177	-0.11526054	0.15752234	-0.15447453	0.05351079	0.18762866	-0.6893473	0.15750344	0.05351079	0.15750344	0.0034678823	0.6768614
-0.03	-0.03	0.35530984	1.0	1.0	0.6964194	0.6964194	-0.043077487	0.018798567	-0.18727903	-0.054854516	-0.0598912	0.042848036	-0.05026247	-0.05048187		-0.056796186	1.0	0.030000055	-0.03481553	0.022902409	-0.03	-0.043077487	0.059891224	0.4769696	0.039123032	0.4769696	-0.043077487	0.25264126	-0.03	0.24983932	-0.043077487	0.26149613	0.43670845	-0.03	0.41952354	-0.03	-0.012778607	0.41952354	0.4557327	-0.03	-0.009346665	0.3763863	-0.03	0.088008195	-0.02744302	-0.03	0.088008195	0.04446485	-0.15276502	0.043124806	-0.07427814	-0.07150969	-0.15287489	-0.03	-0.053594224	-0.14284131	-0.03481553	-0.053594224	0.18802772	-0.14939268	-0.0384841	-0.28347334	-0.046770718	-0.056796186	-0.046770718	-0.02744302	-0.14284131	-0.03481553	-0.05026247	-0.2037669	-0.0598912	-0.056796186	-0.07065846	0.18262851	-0.056796186	0.35530984	-0.03	-0.03	0.108025536	-0.14939268	-0.03	0.31333333	-0.03	-0.06869571	0.20485377
-0.056796186	0.13820405	0.3630189	-0.056796186	-0.056796186	-0.08155457	-0.08155457	-0.08155457	0.18653145	-0.17641416	-0.18025553	0.94832253	-0.44873312	0.027357703	0.41631424	-0.056796186		-0.056796186	0.05679624	0.6129907	0.06568889	-0.056796186	0.4784535	-0.9483221	-0.016869266	-0.5362522	-0.016869266	0.7584575	0.10388721	-0.056796186	0.09823791	0.7584575	-0.11526054	-0.034371708	-0.056796186	-0.04241988	-0.056796186	-0.114804596	-0.04241988	-0.025883874	-0.056796186	-0.17717277	-0.064551085	-0.056796186	-0.30306876	-0.13428445	-0.056796186	-0.30306876	-0.073467195	-0.060067825	-0.071253106	0.4025357	0.7942445	-0.272389	-0.056796186	0.47913983	-0.2539463	-0.06591298	0.47913983	-0.002987206	-0.2661845	0.14437452	-0.24186087	-0.088546604	0.0032258132	0.6931935	-0.19603133	-0.2539463	-0.06591298	0.39490247	0.20417324	-0.007215495	0.0032258132	-0.18676487	0.6931935	0.0032258132	0.014656042	-0.056796186	0.13820405	0.46782714	-0.2661845	0.13820405	-0.056796186	0.13820405	0.348362	-0.19203863
-0.03	-0.03	0.35530984	1.0	1.0	0.6964194	0.6964194	-0.043077487	0.018798567	-0.18727903	-0.054854516	-0.0598912	0.042848036	-0.05026247	-0.05048187	1.0	-0.056796186		0.030000055	-0.03481553	0.022902409	-0.03	-0.043077487	0.059891224	0.4769696	0.039123032	0.4769696	-0.043077487	0.25264126	-0.03	0.24983932	-0.043077487	0.26149613	0.43670845	-0.03	0.41952354	-0.03	-0.012778607	0.41952354	0.4557327	-0.03	-0.009346665	0.3763863	-0.03	0.088008195	-0.02744302	-0.03	0.088008195	0.04446485	-0.15276502	0.043124806	-0.07427814	-0.07150969	-0.15287489	-0.03	-0.053594224	-0.14284131	-0.03481553	-0.053594224	0.18802772	-0.14939268	-0.0384841	-0.28347334	-0.046770718	-0.056796186	-0.046770718	-0.02744302	-0.14284131	-0.03481553	-0.05026247	-0.2037669	-0.0598912	-0.056796186	-0.07065846	0.18262851	-0.056796186	0.35530984	-0.03	-0.03	0.108025536	-0.14939268	-0.03	0.31333333	-0.03	-0.06869571	0.20485377
0.030000055	0.030000055	-0.55976444	0.030000055	0.030000055	0.04307757	0.04307757	-0.69642246	-0.13269535	0.09318304	-0.14693238	0.059891295	-0.15049429	-0.5968696	0.15447503	0.030000055	0.05679624	0.030000055		0.03481552	-0.14084916	0.030000055	0.04307757	-0.059892986	0.062897205	-0.03912124	0.062897205	0.04307757	0.16371161	0.030000055	0.16689664	0.04307757	0.15447503	0.06869615	0.030000055	0.07150989	0.030000055	0.13243333	0.07150989	0.065828204	-1.0000043	0.12968557	0.07970537	-1.0000043	0.10283057	0.13615996	-1.0000043	0.10283057	-0.1485538	-0.14982773	-0.14407681	-0.40388966	-0.41952565	0.06289638	0.030000055	-0.55976444	0.05578158	0.03481552	-0.55976444	0.0828377	0.061463725	0.14279668	0.28347296	-0.6414296	0.05679624	0.046771012	0.13615996	0.05578158	0.03481552	-0.5968696	-0.162837	0.059891295	0.05679624	0.07065975	0.046771012	0.05679624	0.053594243	0.030000055	0.030000055	-0.45573503	0.061463725	0.030000055	0.030000055	0.030000055	0.06869615	0.1354685
-0.03481553	-0.03481553	0.64961356	-0.03481553	-0.03481553	-0.049992193	-0.049992193	-0.049992193	0.15399593	-0.10814023	-0.18074793	0.5813129	-0.20011652	-0.058330487	0.18278554	-0.03481553	0.6129907	-0.03481553	0.03481552		0.16345885	-0.03481553	0.80820704	-0.5813126	-0.07299319	-0.88989884	-0.07299319	-0.049992193	0.17239848	-0.03481553	0.16903557	-0.049992193	-0.17927042	-0.07972259	-0.03481553	-0.08298827	-0.03481553	-0.15369068	-0.08298827	-0.07639463	-0.03481553	-0.15050167	-0.092499465	-0.03481553	-0.11933679	-0.15801564	-0.03481553	-0.11933679	-0.1899901	-0.17728652	-0.18426433	-0.086201094	0.48686448	-0.07299318	-0.03481553	0.64961356	-0.06473854	-0.04040404	0.64961356	-0.09613426	-0.07133054	-0.16571759	-0.32897592	-0.054278243	-0.06591298	-0.054278243	-0.15801564	-0.06473854	-0.04040404	0.6926745	0.18897356	-0.069504805	-0.06591298	-0.082000375	-0.054278243	-0.06591298	-0.062197044	-0.03481553	-0.03481553	-0.07639463	-0.07133054	-0.03481553	-0.03481553	-0.03481553	0.5068079	-0.15721281
-0.09504505	-0.09504505	0.25162476	0.022902409	0.022902409	0.117567316	0.117567316	0.032885943	0.90298015	0.6314457	-0.79382527	0.02431573	0.8095926	-0.060434397	-0.8109285	0.022902409	0.06568889	0.022902409	-0.14084916	0.16345885		-0.09504505	0.117567316	-0.024314435	0.048016496	-0.09139094	0.048016496	-0.051795367	-0.7332142	-0.09504505	-0.7196424	-0.051795367	-0.8109285	-0.02472319	-0.09504505	-0.0016377486	-0.09504505	-0.94024014	-0.0016377486	0.010437405	0.14084992	-0.9207306	-0.043607842	0.14084992	0.7122508	-0.85465515	0.14084992	0.7122508	0.8043833	0.751882	0.7801414	0.020201245	0.16705	0.63531864	0.14084992	0.18138799	0.6207939	0.06079872	0.18138799	-0.029812843	0.6208473	-0.8346428	-0.051072516	0.06197448	0.06568889	-0.095639504	-0.85465515	0.6207939	-0.04186137	0.23598218	0.71529835	0.02431573	0.06568889	0.5881716	-0.095639504	0.06568889	-0.16979548	0.14084992	0.022902409	0.010437405	0.65105426	-0.09504505	-0.09504505	-0.09504505	0.1489015	-0.88384604
1.0	-0.03	-0.053594224	-0.03	-0.03	-0.043077487	-0.043077487	0.6964194	-0.09509874	-0.28137535	0.34871805	-0.0598912	-0.0647946	0.5968668	0.05351079	-0.03	-0.056796186	-0.03	0.030000055	-0.03481553	-0.09504505		-0.043077487	0.059891224	-0.062897086	0.039123032	-0.062897086	-0.043077487	0.044464856	1.0	0.041471295	-0.043077487	0.05351079	-0.06869571	1.0	0.41952354	1.0	0.106875636	0.41952354	-0.065828055	-0.03	0.110991605	0.3763863	-0.03	-0.29366952	0.40742332	-0.03	-0.29366952	-0.37188783	-0.3544932	-0.3606802	-0.07427814	-0.07150969	-0.24285267	-0.03	-0.053594224	-0.22989844	-0.03481553	-0.053594224	-0.082837395	-0.23732094	0.3787645	0.105830066	0.641427	-0.056796186	-0.046770718	0.40742332	-0.22989844	0.8616844	-0.05026247	-0.2954175	-0.0598912	-0.056796186	-0.25726923	-0.046770718	-0.056796186	0.5597619	-0.03	-0.03	-0.065828055	-0.23732094	-0.03	-0.03	-0.03	-0.06869571	0.09141324
-0.043077487	0.44992045	0.5101952	-0.043077487	-0.043077487	-0.061855666	-0.061855666	-0.061855666	0.19054022	0.0013118103	-0.15120356	0.45084196	-0.093039624	0.08269788	0.07683701	-0.043077487	0.4784535	-0.043077487	0.04307757	0.80820704	0.117567316	-0.043077487		-0.58505183	-0.090314955	-0.90820193	-0.090314955	-0.061855666	0.06384782	-0.043077487	0.13434906	-0.061855666	-0.2218125	0.022311723	-0.043077487	-0.102681935	-0.043077487	-0.1901625	-0.102681935	0.030296018	-0.043077487	-0.18621671	-0.1144502	-0.043077487	-0.14765622	-0.1955138	-0.043077487	-0.14765622	-0.08561409	-0.07452537	-0.08303392	0.007777084	0.36737314	-0.09031496	-0.043077487	0.6569832	-0.14260483	0.16455764	0.6569832	-0.021712653	-0.15138659	-0.13015172	-0.40704402	0.097540215	-0.08155457	0.097540215	-0.03940588	-0.14260483	0.16455764	0.70218015	0.10221561	-0.08599876	-0.08155457	-0.16844901	-0.06715883	-0.08155457	-0.07695682	-0.043077487	-0.043077487	0.030296018	-0.15138659	-0.043077487	-0.043077487	-0.043077487	0.38517076	-0.031629354
0.059891224	-0.31397492	-0.3382741	0.059891224	0.059891224	0.08599879	0.08599879	0.08599879	-0.2028972	0.1347956	0.14613219	-0.8982209	0.40285647	-0.13455029	-0.3710559	0.059891224	-0.9483221	0.059891224	-0.059892986	-0.5813126	-0.024314435	0.059891224	-0.58505183		0.027586479	0.6532367	0.027586479	-0.71926194	-0.06987745	0.059891224	-0.063884	-0.71926194	0.13852783	-0.04630777	0.059891224	0.05364307	0.059891224	0.13409029	0.05364307	-0.057897117	0.059891224	0.19337915	0.076346055	0.059891224	0.3091939	0.15344071	0.059891224	0.3091939	0.043467294	0.030392116	0.042157315	-0.4591836	-0.74840844	0.27253598	0.059891224	-0.44959107	0.25356388	-0.09319956	-0.44959107	-0.055840787	0.26632813	-0.11248577	0.2833023	0.093371704	0.0072155637	-0.78092766	0.15344071	0.25356388	0.06950483	-0.36944318	-0.17537759	0.017786589	0.0072155637	0.19186279	-0.65602773	0.0072155637	-0.0043230564	0.059891224	-0.12704188	-0.43652615	0.26632813	-0.12704188	0.059891224	-0.12704188	-0.32148293	0.14691527
-0.062897086	0.11705847	0.10195993	0.4769696	0.4769696	0.4264873	0.4264873	-0.090314955	0.09911098	-0.34332365	-0.062123947	-0.027586482	0.08983389	0.0076838657	-0.051331803	0.4769696	-0.016869266	0.4769696	0.062897205	-0.07299319	0.048016496	-0.062897086	-0.090314955	0.027586479		0.08202416	1.0	0.038885605	0.47512302	-0.062897086	0.46919832	0.038885605	0.4937379	0.9155897	-0.062897086	0.87956035	-0.062897086	-0.0895071	0.87956035	0.9554754	-0.062897086	-0.08267032	0.70943445	-0.062897086	0.08448862	-0.11451917	-0.062897086	0.08448862	0.14778073	0.049787555	0.14332704	0.09489753	0.021655839	-0.367674	0.11705847	-0.0052020443	-0.3451071	0.08363803	-0.0052020443	0.60717106	-0.3592991	-0.080684595	-0.5943216	-0.09805807	0.698586	0.022179803	-0.057536203	-0.3451071	-0.07299319	-0.10537877	-0.3791735	0.65827066	0.698586	-0.2948563	0.14241767	0.698586	0.10195993	0.11705847	0.29701406	0.04423497	-0.31321216	0.29701406	0.11705847	0.29701406	0.56238467	0.013277224
0.039123032	-0.229522	-0.57001096	0.039123032	0.039123032	0.056177396	0.056177396	0.056177396	-0.1730497	0.04789368	0.124166355	-0.50696737	0.14064795	-0.10323707	-0.12403037	0.039123032	-0.5362522	0.039123032	-0.03912124	-0.88989884	-0.09139094	0.039123032	-0.90820193	0.6532367	0.08202416		0.08202416	0.056177396	-0.112283	0.039123032	-0.10843061	0.056177396	0.2014503	-0.042233378	0.039123032	0.09325591	0.039123032	0.17270619	0.09325591	-0.05018721	0.039123032	0.16912265	0.10394372	0.039123032	0.13410096	0.17756604	0.039123032	0.13410096	0.1320515	0.12029995	0.12807184	-0.02784904	-0.41903004	0.08202351	0.039123032	-0.57001096	0.07274845	-0.18842253	-0.57001096	0.0020577963	0.08015518	0.18622078	0.36967933	0.06099381	0.07406808	-0.118502066	0.09249933	0.07274845	0.04540297	-0.6095907	-0.14064044	0.07810424	0.07406808	0.09214592	0.06099381	0.07406808	0.06989221	0.039123032	0.039123032	0.085846595	0.08015518	0.039123032	0.039123032	0.039123032	-0.43769246	0.08790093
-0.062897086	0.11705847	0.10195993	0.4769696	0.4769696	0.4264873	0.4264873	-0.090314955	0.09911098	-0.34332365	-0.062123947	-0.027586482	0.08983389	0.0076838657	-0.051331803	0.4769696	-0.016869266	0.4769696	0.062897205	-0.07299319	0.048016496	-0.062897086	-0.090314955	0.027586479	1.0	0.08202416		0.038885605	0.47512302	-0.062897086	0.46919832	0.038885605	0.4937379	0.9155897	-0.062897086	0.87956035	-0.062897086	-0.0895071	0.87956035	0.9554754	-0.062897086	-0.08267032	0.70943445	-0.062897086	0.08448862	-0.11451917	-0.062897086	0.08448862	0.14778073	0.049787555	0.14332704	0.09489753	0.021655839	-0.367674	0.11705847	-0.0052020443	-0.3451071	0.08363803	-0.0052020443	0.60717106	-0.3592991	-0.080684595	-0.5943216	-0.09805807	0.698586	0.022179803	-0.057536203	-0.3451071	-0.07299319	-0.10537877	-0.3791735	0.65827066	0.698586	-0.2948563	0.14241767	0.698586	0.10195993	0.11705847	0.29701406	0.04423497	-0.31321216	0.29701406	0.11705847	0.29701406	0.56238467	0.013277224
-0.043077487	0.20342149	-0.07695682	-0.043077487	-0.043077487	-0.061855666	-0.061855666	-0.061855666	0.1087667	-0.13380261	-0.078766495	0.71926236	-0.4021713	0.08269788	0.37548652	-0.043077487	0.7584575	-0.043077487	0.04307757	-0.049992193	-0.051795367	-0.043077487	-0.061855666	-0.71926194	0.038885605	0.056177396	0.038885605		-0.010883159	-0.043077487	-0.015250453	1.0	0.0021746366	0.022311723	-0.043077487	0.0148318345	-0.043077487	-0.01834901	0.0148318345	0.030296018	-0.043077487	-0.09981887	-0.005298627	-0.043077487	-0.28467056	-0.03940588	-0.043077487	-0.28467056	0.0638478	0.070307	0.061923612	0.5799485	0.6024007	-0.28411582	-0.043077487	0.06983118	-0.26761156	-0.049992193	0.06983118	0.07552226	-0.27764422	0.31919888	-0.034372628	-0.06715883	0.05844744	0.92103547	-0.11745984	-0.26761156	-0.049992193	-0.0721727	0.10221561	0.04821143	0.05844744	-0.16844901	0.92103547	0.05844744	0.06983118	-0.043077487	0.20342149	0.65439403	-0.27764422	0.20342149	-0.043077487	0.20342149	0.022311723	-0.113074906
0.044464856	-0.059623342	0.07943531	0.25264126	0.25264126	0.13857877	0.13857877	-0.08561413	-0.6916097	-0.7937743	0.55711234	0.069877654	-0.7451951	-0.078095	0.7333948	0.25264126	0.10388721	0.25264126	0.16371161	0.17239848	-0.7332142	0.044464856	0.06384782	-0.06987745	0.47512302	-0.112283	0.47512302	-0.010883159		0.044464856	0.9843611	-0.010883159	0.92255926	0.44231406	0.044464856	0.45334363	0.044464856	0.7646035	0.45334363	0.43137956	-0.16371155	0.75161844	0.34859136	-0.16371155	-0.59008044	0.6742309	-0.16371155	-0.59008044	-0.70404387	-0.74190986	-0.7134314	-0.11540918	0.0067447396	-0.75241053	-0.059623342	0.01745168	-0.7267062	-0.09939299	0.01745168	0.2459555	-0.73527205	0.6438455	-0.32733792	-0.1161365	0.2812416	-0.046589643	0.6742309	-0.7267062	-0.008795834	-0.012698366	-0.7785382	0.23989496	0.2812416	-0.69674766	0.09250406	0.2812416	0.14141892	-0.059623342	0.044464856	-0.042984463	-0.73527205	0.14855306	0.044464856	0.14855306	0.3401653	0.73958874
1.0	-0.03	-0.053594224	-0.03	-0.03	-0.043077487	-0.043077487	0.6964194	-0.09509874	-0.28137535	0.34871805	-0.0598912	-0.0647946	0.5968668	0.05351079	-0.03	-0.056796186	-0.03	0.030000055	-0.03481553	-0.09504505	1.0	-0.043077487	0.059891224	-0.062897086	0.039123032	-0.062897086	-0.043077487	0.044464856		0.041471295	-0.043077487	0.05351079	-0.06869571	1.0	0.41952354	1.0	0.106875636	0.41952354	-0.065828055	-0.03	0.110991605	0.3763863	-0.03	-0.29366952	0.40742332	-0.03	-0.29366952	-0.37188783	-0.3544932	-0.3606802	-0.07427814	-0.07150969	-0.24285267	-0.03	-0.053594224	-0.22989844	-0.03481553	-0.053594224	-0.082837395	-0.23732094	0.3787645	0.105830066	0.641427	-0.056796186	-0.046770718	0.40742332	-0.22989844	0.8616844	-0.05026247	-0.2954175	-0.0598912	-0.056796186	-0.25726923	-0.046770718	-0.056796186	0.5597619	-0.03	-0.03	-0.065828055	-0.23732094	-0.03	-0.03	-0.03	-0.06869571	0.09141324
0.041471295	0.041471295	0.074087396	0.24983932	0.24983932	0.13434906	0.13434906	-0.09005021	-0.6788243	-0.77537704	0.54187137	0.063884005	-0.7306591	-0.08325093	0.71844476	0.24983932	0.09823791	0.24983932	0.16689664	0.16903557	-0.7196424	0.041471295	0.13434906	-0.063884	0.46919832	-0.10843061	0.46919832	-0.015250453	0.9843611	0.041471295		-0.015250453	0.9077833	0.43577263	0.041471295	0.44652775	0.041471295	0.7519117	0.44652775	0.42511818	-0.16689673	0.7391927	0.34085006	-0.16689673	-0.60102487	0.661079	-0.16689673	-0.60102487	-0.6896659	-0.72743785	-0.6995149	-0.12302866	-0.0004822378	-0.7594652	-0.062712714	0.074087396	-0.7594351	-0.10300607	0.074087396	0.23780291	-0.76884776	0.6616477	-0.35631242	-0.051363382	0.27575552	-0.051363382	0.69406885	-0.7594351	0.07835502	0.047662705	-0.79059553	0.2340578	0.27575552	-0.7328496	0.08785836	0.27575552	0.13612805	-0.062712714	0.041471295	0.0030731088	-0.76884776	0.1456553	0.041471295	0.1456553	0.33352983	0.7609903
-0.043077487	0.20342149	-0.07695682	-0.043077487	-0.043077487	-0.061855666	-0.061855666	-0.061855666	0.1087667	-0.13380261	-0.078766495	0.71926236	-0.4021713	0.08269788	0.37548652	-0.043077487	0.7584575	-0.043077487	0.04307757	-0.049992193	-0.051795367	-0.043077487	-0.061855666	-0.71926194	0.038885605	0.056177396	0.038885605	1.0	-0.010883159	-0.043077487	-0.015250453		0.0021746366	0.022311723	-0.043077487	0.0148318345	-0.043077487	-0.01834901	0.0148318345	0.030296018	-0.043077487	-0.09981887	-0.005298627	-0.043077487	-0.28467056	-0.03940588	-0.043077487	-0.28467056	0.0638478	0.070307	0.061923612	0.5799485	0.6024007	-0.28411582	-0.043077487	0.06983118	-0.26761156	-0.049992193	0.06983118	0.07552226	-0.27764422	0.31919888	-0.034372628	-0.06715883	0.05844744	0.92103547	-0.11745984	-0.26761156	-0.049992193	-0.0721727	0.10221561	0.04821143	0.05844744	-0.16844901	0.92103547	0.05844744	0.06983118	-0.043077487	0.20342149	0.65439403	-0.27764422	0.20342149	-0.043077487	0.20342149	0.022311723	-0.113074906
0.05351079	-0.05048187	-0.15211128	0.26149613	0.26149613	0.15149938	0.15149938	-0.07248774	-0.76566553	-0.7648214	0.63433534	-0.08190718	-0.6596775	-0.062799245	0.68501526	0.26149613	-0.11526054	0.26149613	0.15447503	-0.17927042	-0.8109285	0.05351079	-0.2218125	0.13852783	0.4937379	0.2014503	0.4937379	0.0021746366	0.92255926	0.05351079	0.9077833	0.0021746366		0.46271542	0.05351079	0.47458717	0.05351079	0.80401444	0.47458717	0.45092234	-0.15447453	0.790209	0.41846222	-0.15447453	-0.5583922	0.7148536	-0.15447453	-0.5583922	-0.65381086	-0.66440666	-0.6341069	-0.044527672	-0.169908	-0.7326688	-0.05048187	-0.21403801	-0.70914257	-0.08875643	-0.21403801	0.31184185	-0.71598	0.6865063	-0.2411756	-0.10186345	0.29818648	-0.032380436	0.7148536	-0.70914257	0.0017575625	-0.25880906	-0.82714504	0.31443572	0.29818648	-0.67470634	0.10658559	0.29818648	0.21944907	-0.05048187	0.05351079	-0.023006245	-0.71598	0.15750344	0.15750344	0.15750344	0.15655038	0.7799419
-0.06869571	0.2682404	0.07791943	0.43670845	0.43670845	0.38517076	0.38517076	-0.09864129	0.024416858	-0.3518897	0.039413065	-0.04541725	0.08050969	0.09659665	-0.047559608	0.43670845	-0.034371708	0.43670845	0.06869615	-0.07972259	-0.02472319	-0.06869571	0.022311723	-0.04630777	0.9155897	-0.042233378	0.9155897	0.022311723	0.44231406	-0.06869571	0.43577263	0.022311723	0.46271542		-0.06869571	0.80002093	-0.06869571	-0.06840278	0.80002093	0.9582557	-0.06869571	-0.060767863	0.63807416	-0.06869571	-0.0013636423	-0.09840423	-0.06869571	-0.0013636423	0.1358678	-0.0033635148	0.08223795	0.14275102	-0.0031189912	-0.40892914	0.09977235	-0.02240184	-0.38404283	0.21354266	-0.02240184	0.6077688	-0.3996145	-0.07106168	-0.64911354	-0.10709826	0.63541234	0.11802667	0.0082866745	-0.38404283	-0.07972259	-0.11509387	-0.43661606	0.5966581	0.63541234	-0.34493145	0.11802667	0.63541234	0.17824072	0.09977235	0.2682404	0.019877393	-0.35646954	0.43670845	0.09977235	0.43670845	0.5040129	0.07944195
1.0	-0.03	-0.053594224	-0.03	-0.03	-0.043077487	-0.043077487	0.6964194	-0.09509874	-0.28137535	0.34871805	-0.0598912	-0.0647946	0.5968668	0.05351079	-0.03	-0.056796186	-0.03	0.030000055	-0.03481553	-0.09504505	1.0	-0.043077487	0.059891224	-0.062897086	0.039123032	-0.062897086	-0.043077487	0.044464856	1.0	0.041471295	-0.043077487	0.05351079	-0.06869571		0.41952354	1.0	0.106875636	0.41952354	-0.065828055	-0.03	0.110991605	0.3763863	-0.03	-0.29366952	0.40742332	-0.03	-0.29366952	-0.37188783	-0.3544932	-0.3606802	-0.07427814	-0.07150969	-0.24285267	-0.03	-0.053594224	-0.22989844	-0.03481553	-0.053594224	-0.082837395	-0.23732094	0.3787645	0.105830066	0.641427	-0.056796186	-0.046770718	0.40742332	-0.22989844	0.8616844	-0.05026247	-0.2954175	-0.0598912	-0.056796186	-0.25726923	-0.046770718	-0.056796186	0.5597619	-0.03	-0.03	-0.065828055	-0.23732094	-0.03	-0.03	-0.03	-0.06869571	0.09141324
0.41952354	0.09216805	0.06718713	0.41952354	0.41952354	0.36737314	0.36737314	0.24985938	0.044809323	-0.44640896	0.109740235	-0.053643174	0.05081835	0.29153392	-0.02117835	0.41952354	-0.04241988	0.41952354	0.07150989	-0.08298827	-0.0016377486	0.41952354	-0.102681935	0.05364307	0.87956035	0.09325591	0.87956035	0.0148318345	0.45334363	0.41952354	0.44652775	0.0148318345	0.47458717	0.80002093	0.41952354		0.41952354	-0.030459836	1.0	0.83766586	-0.07150969	-0.022279259	0.82469785	-0.07150969	-0.063155256	0.090071045	-0.07150969	-0.063155256	-0.042877402	-0.12371407	-0.0415852	0.050902884	-0.014393947	-0.45019162	0.09216805	-0.03028154	-0.42349035	0.059474915	-0.03028154	0.51275843	-0.4399371	0.10718259	-0.4901101	0.21660006	0.6083191	-0.0021235305	0.14189965	-0.42349035	0.3444013	-0.119808465	-0.48571032	0.570175	0.6083191	-0.39083353	0.107238255	0.6083191	0.35959315	0.09216805	0.2558458	0.008851407	-0.39801896	0.2558458	0.09216805	0.2558458	0.47876495	0.05565579
1.0	-0.03	-0.053594224	-0.03	-0.03	-0.043077487	-0.043077487	0.6964194	-0.09509874	-0.28137535	0.34871805	-0.0598912	-0.0647946	0.5968668	0.05351079	-0.03	-0.056796186	-0.03	0.030000055	-0.03481553	-0.09504505	1.0	-0.043077487	0.059891224	-0.062897086	0.039123032	-0.062897086	-0.043077487	0.044464856	1.0	0.041471295	-0.043077487	0.05351079	-0.06869571	1.0	0.41952354		0.106875636	0.41952354	-0.065828055	-0.03	0.110991605	0.3763863	-0.03	-0.29366952	0.40742332	-0.03	-0.29366952	-0.37188783	-0.3544932	-0.3606802	-0.07427814	-0.07150969	-0.24285267	-0.03	-0.053594224	-0.22989844	-0.03481553	-0.053594224	-0.082837395	-0.23732094	0.3787645	0.105830066	0.641427	-0.056796186	-0.046770718	0.40742332	-0.22989844	0.8616844	-0.05026247	-0.2954175	-0.0598912	-0.056796186	-0.25726923	-0.046770718	-0.056796186	0.5597619	-0.03	-0.03	-0.065828055	-0.23732094	-0.03	-0.03	-0.03	-0.06869571	0.09141324
0.106875636	-0.13243285	-0.23658785	-0.012778607	-0.012778607	-0.10425575	-0.10425575	-0.01834901	-0.92259806	-0.6409013	0.7541059	-0.13409023	-0.8362406	-0.07152713	0.80401444	-0.012778607	-0.114804596	-0.012778607	0.13243333	-0.15369068	-0.94024014	0.106875636	-0.1901625	0.13409029	-0.0895071	0.17270619	-0.0895071	-0.01834901	0.7646035	0.106875636	0.7519117	-0.01834901	0.80401444	-0.06840278	0.106875636	-0.030459836	0.106875636		-0.030459836	-0.10882542	-0.13243285	0.97925043	-0.033950783	-0.13243285	-0.6867193	0.9144749	-0.13243285	-0.6867193	-0.83151937	-0.8149778	-0.84164196	-0.16125126	-0.20158859	-0.591234	-0.13243285	-0.23658785	-0.57999593	-0.15369068	-0.23658785	-0.082484156	-0.5777669	0.86013263	0.15060388	-0.046571277	-0.114804596	-0.046571277	0.8765864	-0.57999593	0.054600634	-0.22188008	-0.7185157	-0.13409023	-0.114804596	-0.5720577	0.03337608	-0.114804596	0.11967746	-0.13243285	-0.13243285	-0.04823614	-0.60841054	-0.012778607	-0.012778607	-0.012778607	-0.18582755	0.9043123
0.41952354	0.09216805	0.06718713	0.41952354	0.41952354	0.36737314	0.36737314	0.24985938	0.044809323	-0.44640896	0.109740235	-0.053643174	0.05081835	0.29153392	-0.02117835	0.41952354	-0.04241988	0.41952354	0.07150989	-0.08298827	-0.0016377486	0.41952354	-0.102681935	0.05364307	0.87956035	0.09325591	0.87956035	0.0148318345	0.45334363	0.41952354	0.44652775	0.0148318345	0.47458717	0.80002093	0.41952354	1.0	0.41952354	-0.030459836		0.83766586	-0.07150969	-0.022279259	0.82469785	-0.07150969	-0.063155256	0.090071045	-0.07150969	-0.063155256	-0.042877402	-0.12371407	-0.0415852	0.050902884	-0.014393947	-0.45019162	0.09216805	-0.03028154	-0.42349035	0.059474915	-0.03028154	0.51275843	-0.4399371	0.10718259	-0.4901101	0.21660006	0.6083191	-0.0021235305	0.14189965	-0.42349035	0.3444013	-0.119808465	-0.48571032	0.570175	0.6083191	-0.39083353	0.107238255	0.6083191	0.35959315	0.09216805	0.2558458	0.008851407	-0.39801896	0.2558458	0.09216805	0.2558458	0.47876495	0.05565579
-0.065828055	0.28187913	0.08945649	0.4557327	0.4557327	0.40475482	0.40475482	-0.09452358	0.11814793	-0.29976302	-0.035216834	-0.036760114	0.11218907	0.1081684	-0.07566498	0.4557327	-0.025883874	0.4557327	0.065828204	-0.07639463	0.010437405	-0.065828055	0.030296018	-0.057897117	0.9554754	-0.05018721	0.9554754	0.030296018	0.43137956	-0.065828055	0.42511818	0.030296018	0.45092234	0.9582557	-0.065828055	0.83766586	-0.065828055	-0.10882542	0.83766586		-0.065828055	-0.10175663	0.67192537	-0.065828055	0.06426701	-0.13361841	-0.065828055	0.06426701	0.16784392	0.07338865	0.16278559	0.15985183	0.008851407	-0.36582324	0.108025536	-0.014071813	-0.34282094	0.22624563	-0.014071813	0.64117986	-0.35749048	-0.102051295	-0.6220167	-0.102627516	0.6653116	0.12969412	-0.023516856	-0.34282094	-0.07639463	-0.110289365	-0.38524055	0.62584084	0.6653116	-0.29678467	0.12969412	0.6653116	0.08945649	0.108025536	0.28187913	0.03162392	-0.31296626	0.28187913	0.108025536	0.28187913	0.5317201	0.04740428
-0.03	-0.03	0.5597619	-0.03	-0.03	-0.043077487	-0.043077487	0.6964194	0.13269591	-0.093182735	0.14693178	-0.0598912	0.15049072	0.5968668	-0.15447453	-0.03	-0.056796186	-0.03	-1.0000043	-0.03481553	0.14084992	-0.03	-0.043077487	0.059891224	-0.062897086	0.039123032	-0.062897086	-0.043077487	-0.16371155	-0.03	-0.16689673	-0.043077487	-0.15447453	-0.06869571	-0.03	-0.07150969	-0.03	-0.13243285	-0.07150969	-0.065828055		-0.12968494	-0.07970534	1.0	-0.102830656	-0.1361596	1.0	-0.102830656	0.14855306	0.14982729	0.14407608	0.40388736	0.41952354	-0.06289709	-0.03	0.5597619	-0.0557842	-0.03481553	0.5597619	-0.082837395	-0.06146442	-0.14279626	-0.28347334	0.641427	-0.056796186	-0.046770718	-0.1361596	-0.0557842	-0.03481553	0.5968668	0.16283557	-0.0598912	-0.056796186	-0.07065846	-0.046770718	-0.056796186	-0.053594224	-0.03	-0.03	0.4557327	-0.06146442	-0.03	-0.03	-0.03	-0.06869571	-0.13546783
0.110991605	-0.12968494	-0.23167878	-0.009346665	-0.009346665	-0.09981887	-0.09981887	-0.013421029	-0.9433757	-0.6666592	0.7766134	-0.19337954	-0.783146	-0.0660637	0.7537596	-0.009346665	-0.17717277	-0.009346665	0.12968557	-0.15050167	-0.9207306	0.110991605	-0.18621671	0.19337915	-0.08267032	0.16912265	-0.08267032	-0.09981887	0.75161844	0.110991605	0.7391927	-0.09981887	0.790209	-0.060767863	0.110991605	-0.022279259	0.110991605	0.97925043	-0.022279259	-0.10175663	-0.12968494		-0.024832658	-0.12968494	-0.6451865	0.8975055	-0.12968494	-0.6451865	-0.8171459	-0.80178875	-0.8279028	-0.20936057	-0.25175533	-0.55572826	-0.12968494	-0.23167878	-0.5462807	-0.15050167	-0.23167878	-0.12074664	-0.54306984	0.8451716	0.18458366	-0.04137313	-0.10882522	-0.12177752	0.8975055	-0.5462807	0.058980383	-0.21727617	-0.7416479	-0.12785949	-0.10882522	-0.56707275	-0.04137313	-0.10882522	0.05496281	-0.12968494	-0.12968494	-0.10175663	-0.5738887	-0.009346665	-0.009346665	-0.009346665	-0.17886391	0.9253091
0.3763863	0.07232521	0.038674235	0.3763863	0.3763863	0.32215607	0.32215607	0.21300453	-0.050924238	-0.45590478	0.21166992	0.006429159	0.06617545	0.24853198	-0.04202505	0.3763863	-0.064551085	0.3763863	0.07970537	-0.092499465	-0.043607842	0.3763863	-0.1144502	0.076346055	0.70943445	0.10394372	0.70943445	-0.005298627	0.34859136	0.3763863	0.34085006	-0.005298627	0.41846222	0.63807416	0.3763863	0.82469785	0.3763863	-0.033950783	0.82469785	0.67192537	-0.07970534	-0.024832658		-0.07970534	-0.14644773	0.1677907	-0.07970534	-0.14644773	-0.20450094	-0.22721943	-0.15363584	0.014389762	-0.045034714	-0.48585045	0.07232521	-0.05185864	-0.45660627	0.03982615	-0.05185864	0.5595311	-0.4358484	0.08251451	-0.46583402	0.18047655	0.53988177	-0.022682846	0.07150968	-0.41805673	0.30447736	-0.13353959	-0.46020985	0.5858569	0.53988177	-0.39431018	0.07889684	0.53988177	0.40080574	0.07232521	0.07232521	0.13303971	-0.39691314	0.07232521	0.3763863	0.07232521	0.41427743	0.04194152
-0.03	-0.03	0.5597619	-0.03	-0.03	-0.043077487	-0.043077487	0.6964194	0.13269591	-0.093182735	0.14693178	-0.0598912	0.15049072	0.5968668	-0.15447453	-0.03	-0.056796186	-0.03	-1.0000043	-0.03481553	0.14084992	-0.03	-0.043077487	0.059891224	-0.062897086	0.039123032	-0.062897086	-0.043077487	-0.16371155	-0.03	-0.16689673	-0.043077487	-0.15447453	-0.06869571	-0.03	-0.07150969	-0.03	-0.13243285	-0.07150969	-0.065828055	1.0	-0.12968494	-0.07970534		-0.102830656	-0.1361596	1.0	-0.102830656	0.14855306	0.14982729	0.14407608	0.40388736	0.41952354	-0.06289709	-0.03	0.5597619	-0.0557842	-0.03481553	0.5597619	-0.082837395	-0.06146442	-0.14279626	-0.28347334	0.641427	-0.056796186	-0.046770718	-0.1361596	-0.0557842	-0.03481553	0.5968668	0.16283557	-0.0598912	-0.056796186	-0.07065846	-0.046770718	-0.056796186	-0.053594224	-0.03	-0.03	0.4557327	-0.06146442	-0.03	-0.03	-0.03	-0.06869571	-0.13546783
-0.29366952	-0.102830656	-0.07006139	0.088008195	0.088008195	-0.010641893	-0.010641893	-0.28467056	0.6764214	0.7528027	-0.8142572	-0.30919355	0.78508025	-0.2921845	-0.7896059	0.088008195	-0.30306876	0.088008195	0.10283057	-0.11933679	0.7122508	-0.29366952	-0.14765622	0.3091939	0.08448862	0.13410096	0.08448862	-0.28467056	-0.59008044	-0.29366952	-0.60102487	-0.28467056	-0.5583922	-0.0013636423	-0.29366952	-0.063155256	-0.29366952	-0.6867193	-0.063155256	0.06426701	-0.102830656	-0.6451865	-0.14644773	-0.102830656		-0.73864394	-0.102830656	1.0	0.79847634	0.76585156	0.8024687	-0.3874944	-0.33609182	0.85969603	-0.102830656	-0.18370427	0.8491731	-0.11933679	-0.18370427	-0.09574314	0.8401138	-0.77936614	0.21849227	-0.287825	0.13048804	-0.287825	-0.7084294	0.8249781	-0.2854407	-0.17228408	0.5836218	0.106427155	0.13048804	0.79506475	-0.287825	0.13048804	-0.2973472	-0.102830656	-0.0074112206	-0.3705906	0.79123986	-0.19825009	-0.102830656	-0.19825009	0.04545709	-0.6219789
0.40742332	-0.1361596	-0.2432456	-0.02744302	-0.02744302	-0.11745984	-0.11745984	0.19475597	-0.87642956	-0.69108474	0.8266116	-0.15344055	-0.7485481	0.113398805	0.7148536	-0.02744302	-0.13428445	-0.02744302	0.13615996	-0.15801564	-0.85465515	0.40742332	-0.1955138	0.15344071	-0.11451917	0.17756604	-0.11451917	-0.03940588	0.6742309	0.40742332	0.661079	-0.03940588	0.7148536	-0.09840423	0.40742332	0.090071045	0.40742332	0.9144749	0.090071045	-0.13361841	-0.1361596	0.8975055	0.1677907	-0.1361596	-0.73864394		-0.1361596	-0.73864394	-0.9078276	-0.88497937	-0.91243446	-0.1857115	-0.16907194	-0.6273659	-0.1361596	-0.2432456	-0.6115516	-0.15801564	-0.2432456	-0.07577697	-0.5852332	0.8712988	0.19268897	0.15092053	-0.13428445	-0.06699743	0.8967246	-0.5839849	0.31511256	-0.22812393	-0.74102646	-0.15344055	-0.13428445	-0.5866008	0.005641891	-0.13428445	0.27467266	-0.1361596	-0.1361596	-0.023516856	-0.6409182	-0.02744302	0.08127356	-0.02744302	-0.20509513	0.8219973
-0.03	-0.03	0.5597619	-0.03	-0.03	-0.043077487	-0.043077487	0.6964194	0.13269591	-0.093182735	0.14693178	-0.0598912	0.15049072	0.5968668	-0.15447453	-0.03	-0.056796186	-0.03	-1.0000043	-0.03481553	0.14084992	-0.03	-0.043077487	0.059891224	-0.062897086	0.039123032	-0.062897086	-0.043077487	-0.16371155	-0.03	-0.16689673	-0.043077487	-0.15447453	-0.06869571	-0.03	-0.07150969	-0.03	-0.13243285	-0.07150969	-0.065828055	1.0	-0.12968494	-0.07970534	1.0	-0.102830656	-0.1361596		-0.102830656	0.14855306	0.14982729	0.14407608	0.40388736	0.41952354	-0.06289709	-0.03	0.5597619	-0.0557842	-0.03481553	0.5597619	-0.082837395	-0.06146442	-0.14279626	-0.28347334	0.641427	-0.056796186	-0.046770718	-0.1361596	-0.0557842	-0.03481553	0.5968668	0.16283557	-0.0598912	-0.056796186	-0.07065846	-0.046770718	-0.056796186	-0.053594224	-0.03	-0.03	0.4557327	-0.06146442	-0.03	-0.03	-0.03	-0.06869571	-0.13546783
-0.29366952	-0.102830656	-0.07006139	0.088008195	0.088008195	-0.010641893	-0.010641893	-0.28467056	0.6764214	0.7528027	-0.8142572	-0.30919355	0.78508025	-0.2921845	-0.7896059	0.088008195	-0.30306876	0.088008195	0.10283057	-0.11933679	0.7122508	-0.29366952	-0.14765622	0.3091939	0.08448862	0.13410096	0.08448862	-0.28467056	-0.59008044	-0.29366952	-0.60102487	-0.28467056	-0.5583922	-0.0013636423	-0.29366952	-0.063155256	-0.29366952	-0.6867193	-0.063155256	0.06426701	-0.102830656	-0.6451865	-0.14644773	-0.102830656	1.0	-0.73864394	-0.102830656		0.79847634	0.76585156	0.8024687	-0.3874944	-0.33609182	0.85969603	-0.102830656	-0.18370427	0.8491731	-0.11933679	-0.18370427	-0.09574314	0.8401138	-0.77936614	0.21849227	-0.287825	0.13048804	-0.287825	-0.7084294	0.8249781	-0.2854407	-0.17228408	0.5836218	0.106427155	0.13048804	0.79506475	-0.287825	0.13048804	-0.2973472	-0.102830656	-0.0074112206	-0.3705906	0.79123986	-0.19825009	-0.102830656	-0.19825009	0.04545709	-0.6219789
-0.37188783	0.14855306	0.0174517	0.04446485	0.04446485	0.13857877	0.13857877	-0.16034506	0.82771844	0.71816325	-0.7581596	-0.100139536	0.788601	-0.07809499	-0.7799206	0.04446485	-0.073467195	0.04446485	-0.1485538	-0.1899901	0.8043833	-0.37188783	-0.08561409	0.043467294	0.14778073	0.1320515	0.14778073	0.0638478	-0.70404387	-0.37188783	-0.6896659	0.0638478	-0.65381086	0.1358678	-0.37188783	-0.042877402	-0.37188783	-0.83151937	-0.042877402	0.16784392	0.14855306	-0.8171459	-0.20450094	0.14855306	0.79847634	-0.9078276	0.14855306	0.79847634		0.9399307	0.9698628	0.17452116	0.0067446623	0.66607267	0.14855306	0.0174517	0.64573306	0.17239843	0.0174517	0.08171934	0.62424326	-0.77924645	-0.0126049295	-0.116136424	0.1630053	0.0925041	-0.80894893	0.61933964	-0.28058723	-0.0126983635	0.6663173	0.12655012	0.1630053	0.63275754	0.02295724	0.1630053	-0.2924663	0.14855306	0.14855306	0.009722634	0.65090084	0.04446485	-0.1637115	0.04446485	0.033719044	-0.7392547
-0.3544932	0.14982729	-0.09271964	-0.15276502	-0.15276502	-0.0021091583	-0.0021091583	-0.14694159	0.8095527	0.74181247	-0.7338125	-0.03039095	0.766324	-0.065832	-0.7255085	-0.15276502	-0.060067825	-0.15276502	-0.14982773	-0.17728652	0.751882	-0.3544932	-0.07452537	0.030392116	0.049787555	0.12029995	0.049787555	0.070307	-0.74190986	-0.3544932	-0.72743785	0.070307	-0.66440666	-0.0033635148	-0.3544932	-0.12371407	-0.3544932	-0.8149778	-0.12371407	0.07338865	0.14982729	-0.80178875	-0.22721943	0.14982729	0.76585156	-0.88497937	0.14982729	0.76585156	0.9399307		0.97091866	0.23048797	0.020541137	0.6841933	0.14982729	0.02740773	0.6622325	0.17387718	0.02740773	0.09541207	0.6427775	-0.7577872	0.0433045	-0.103378996	0.16908006	0.098798975	-0.78916353	0.63665724	-0.26507744	-0.0024609978	0.7214864	0.1892771	0.16908006	0.6544081	0.0314063	0.16908006	-0.33297443	0.14982729	0.14982729	0.022314077	0.6686087	-0.05190092	-0.05190092	-0.05190092	0.04612882	-0.75647783
-0.3606802	0.14407608	0.016925754	0.043124806	0.043124806	0.13440241	0.13440241	-0.15551272	0.83626336	0.7241876	-0.7649766	-0.042157162	0.7964857	-0.075741425	-0.75641596	0.043124806	-0.071253106	0.043124806	-0.14407681	-0.18426433	0.7801414	-0.3606802	-0.08303392	0.042157315	0.14332704	0.12807184	0.14332704	0.061923612	-0.7134314	-0.3606802	-0.6995149	0.061923612	-0.6341069	0.08223795	-0.3606802	-0.0415852	-0.3606802	-0.84164196	-0.0415852	0.16278559	0.14407608	-0.8279028	-0.15363584	0.14407608	0.8024687	-0.91243446	0.14407608	0.8024687	0.9698628	0.97091866		0.21612701	0.0065413974	0.6724553	0.14407608	0.016925754	0.6518699	0.16720283	0.016925754	0.11907814	0.63128453	-0.78643346	-0.012225052	-0.1126364	0.1580928	0.089716285	-0.81653583	0.6262725	-0.27213112	-0.012315671	0.7001324	0.1777007	0.1580928	0.64112324	0.022265373	0.1580928	-0.28365222	0.14407608	0.14407608	0.0094296215	0.6571381	-0.057826433	-0.057826433	-0.057826433	0.03270285	-0.750331
-0.07427814	0.24449888	0.15204744	-0.07427814	-0.07427814	0.23664562	0.23664562	0.23664562	0.1699202	-0.14334846	0.17644008	0.4591839	-0.07714109	0.37625697	0.14858186	-0.07427814	0.4025357	-0.07427814	-0.40388966	-0.086201094	0.020201245	-0.07427814	0.007777084	-0.4591836	0.09489753	-0.02784904	0.09489753	0.5799485	-0.11540918	-0.07427814	-0.12302866	0.5799485	-0.044527672	0.14275102	-0.07427814	0.050902884	-0.07427814	-0.16125126	0.050902884	0.15985183	0.40388736	-0.20936057	0.014389762	0.40388736	-0.3874944	-0.1857115	0.40388736	-0.3874944	0.17452116	0.23048797	0.21612701		0.5828013	-0.36458498	0.40388736	0.24696192	-0.34019446	0.4687184	0.24696192	0.3607567	-0.35628045	0.03385097	-0.3404034	0.20368639	0.040429354	0.62967	-0.13524109	-0.34019446	-0.086201094	0.17597549	0.1478844	0.11205772	0.040429354	-0.2615778	0.52317417	0.040429354	0.057132974	0.40388736	0.24449888	0.5633994	-0.23382144	0.24449888	0.08511037	0.24449888	-0.013667649	-0.17741957
-0.07150969	0.09216805	0.55453044	-0.07150969	-0.07150969	-0.102681935	-0.102681935	0.24985938	0.20770456	-0.22211567	-0.08265542	0.74840873	-0.2570814	0.29153392	0.276281	-0.07150969	0.7942445	-0.07150969	-0.41952565	0.48686448	0.16705	-0.07150969	0.36737314	-0.74840844	0.021655839	-0.41903004	0.021655839	0.6024007	0.0067447396	-0.07150969	-0.0004822378	0.6024007	-0.169908	-0.0031189912	-0.07150969	-0.014393947	-0.07150969	-0.20158859	-0.014393947	0.008851407	0.41952354	-0.25175533	-0.045034714	0.41952354	-0.33609182	-0.16907194	0.41952354	-0.33609182	0.0067446623	0.020541137	0.0065413974	0.5828013		-0.27861074	-0.07150969	0.6519992	-0.25747895	-0.08298827	0.6519992	-0.003761072	-0.2722645	0.0077248374	-0.36638144	0.21660006	-0.04241988	0.5446854	-0.22090052	-0.25747895	-0.08298827	0.6000407	0.21337317	-0.053643174	-0.04241988	-0.21290715	0.5446854	-0.04241988	-0.03028154	-0.07150969	0.2558458	0.67190295	-0.2722645	0.2558458	-0.07150969	0.2558458	0.23782298	-0.2688281
-0.24285267	-0.15287489	-0.112363994	-0.15287489	-0.15287489	-0.21951553	-0.21951553	-0.21951553	0.5766982	0.84035313	-0.72315365	-0.2725355	0.68224466	-0.27497274	-0.67816186	-0.15287489	-0.272389	-0.15287489	0.06289638	-0.07299318	0.63531864	-0.24285267	-0.09031496	0.27253598	-0.367674	0.08202351	-0.367674	-0.28411582	-0.75241053	-0.24285267	-0.7594652	-0.28411582	-0.7326688	-0.40892914	-0.24285267	-0.45019162	-0.24285267	-0.591234	-0.45019162	-0.36582324	-0.06289709	-0.55572826	-0.48585045	-0.06289709	0.85969603	-0.6273659	-0.06289709	0.85969603	0.66607267	0.6841933	0.6724553	-0.36458498	-0.27861074		-0.15287489	-0.165945	0.9781724	-0.15130879	-0.165945	-0.4576182	0.9772219	-0.6821033	0.5279557	-0.21829595	-0.3234929	-0.27841488	-0.5988744	0.9553572	-0.2296244	-0.10537876	0.7497194	-0.3215253	-0.3234929	0.9033237	-0.33853382	-0.3234929	-0.32668796	-0.15287489	-0.06289709	-0.36582324	0.90809166	-0.24285267	-0.15287489	-0.24285267	-0.3206279	-0.5813127
-0.03	-0.03	-0.053594224	-0.03	-0.03	0.6964194	0.6964194	-0.043077487	0.13269591	0.095009856	0.14693178	-0.0598912	0.15049072	-0.05026247	-0.15447453	-0.03	-0.056796186	-0.03	0.030000055	-0.03481553	0.14084992	-0.03	-0.043077487	0.059891224	0.11705847	0.039123032	0.11705847	-0.043077487	-0.059623342	-0.03	-0.062712714	-0.043077487	-0.05048187	0.09977235	-0.03	0.09216805	-0.03	-0.13243285	0.09216805	0.108025536	-0.03	-0.12968494	0.07232521	-0.03	-0.102830656	-0.1361596	-0.03	-0.102830656	0.14855306	0.14982729	0.14407608	0.40388736	-0.07150969	-0.15287489		-0.053594224	-0.14284131	0.8616844	-0.053594224	0.45889285	-0.14939268	-0.14279626	-0.023937766	-0.046770718	0.13820405	-0.046770718	-0.1361596	-0.14284131	-0.03481553	-0.05026247	0.07118493	0.12704195	0.13820405	-0.16396384	-0.046770718	0.13820405	-0.053594224	1.0	-0.03	-0.065828055	0.11439209	-0.03	-0.03	-0.03	0.09977235	-0.13546783
-0.053594224	0.35530984	0.75650114	-0.053594224	-0.053594224	-0.07695682	-0.07695682	0.36340716	0.23705785	-0.11043504	-0.03791519	0.44959125	-0.051653687	0.42402062	0.033668887	-0.053594224	0.47913983	-0.053594224	-0.55976444	0.64961356	0.18138799	-0.053594224	0.6569832	-0.44959107	-0.0052020443	-0.57001096	-0.0052020443	0.06983118	0.01745168	-0.053594224	0.074087396	0.06983118	-0.21403801	-0.02240184	-0.053594224	-0.03028154	-0.053594224	-0.23658785	-0.03028154	-0.014071813	0.5597619	-0.23167878	-0.05185864	0.5597619	-0.18370427	-0.2432456	0.5597619	-0.18370427	0.0174517	0.02740773	0.016925754	0.24696192	0.6519992	-0.165945	-0.053594224		-0.20334055	-0.062197044	1.0	-0.06733793	-0.21452561	-0.13086782	-0.5064178	0.46286634	0.014656042	0.05305058	-0.17850582	-0.20334055	0.1157556	0.9378338	0.1817472	0.0043229945	0.014656042	-0.18179207	0.05305058	0.014656042	-0.095744684	-0.053594224	0.15085779	0.4000414	-0.21452561	0.15085779	-0.053594224	0.15085779	0.3788832	-0.1744569
-0.22989844	-0.22989844	-0.09965701	-0.14284131	-0.14284131	-0.20510818	-0.20510818	-0.20510818	0.56442755	0.8049674	-0.69893515	-0.25356486	0.66195405	-0.2575507	-0.6564048	-0.14284131	-0.2539463	-0.14284131	0.05578158	-0.06473854	0.6207939	-0.22989844	-0.14260483	0.25356388	-0.3451071	0.07274845	-0.3451071	-0.26761156	-0.7267062	-0.22989844	-0.7594351	-0.26761156	-0.70914257	-0.38404283	-0.22989844	-0.42349035	-0.22989844	-0.57999593	-0.42349035	-0.34282094	-0.0557842	-0.5462807	-0.45660627	-0.0557842	0.8491731	-0.6115516	-0.0557842	0.8491731	0.64573306	0.6622325	0.6518699	-0.34019446	-0.25747895	0.9781724	-0.14284131	-0.20334055		-0.14051203	-0.20334055	-0.46310177	0.97818714	-0.6887234	0.52583253	-0.26147133	-0.3033914	-0.26147133	-0.6115516	0.97792536	-0.29205903	-0.14815804	0.7675748	-0.30096447	-0.3033914	0.933264	-0.31963882	-0.3033914	-0.30702406	-0.14284131	-0.0557842	-0.38690403	0.9335961	-0.22989844	-0.14284131	-0.22989844	-0.29860783	-0.5970726
-0.03481553	0.26401776	-0.062197044	-0.03481553	-0.03481553	0.59365726	0.59365726	-0.049992193	0.15399593	0.13756071	0.17051692	-0.069504805	0.17464712	0.12942077	-0.17927042	-0.03481553	-0.06591298	-0.03481553	0.03481552	-0.04040404	0.06079872	-0.03481553	0.16455764	-0.09319956	0.08363803	-0.18842253	0.08363803	-0.049992193	-0.09939299	-0.03481553	-0.10300607	-0.049992193	-0.08875643	0.21354266	-0.03481553	0.059474915	-0.03481553	-0.15369068	0.059474915	0.22624563	-0.03481553	-0.15050167	0.03982615	-0.03481553	-0.11933679	-0.15801564	-0.03481553	-0.11933679	0.17239843	0.17387718	0.16720283	0.4687184	-0.08298827	-0.15130879	0.8616844	-0.062197044	-0.14051203		-0.062197044	0.4932603	-0.14786227	-0.16571759	-0.10307915	-0.054278243	0.10381295	0.14538816	-0.063389994	-0.14051203	-0.04040404	-0.058330487	0.029430324	0.093199626	0.10381295	-0.16321228	-0.054278243	0.10381295	-0.062197044	0.8616844	-0.03481553	-0.07639463	0.08173292	-0.03481553	-0.03481553	-0.03481553	0.066910036	-0.058475498
-0.053594224	0.35530984	0.75650114	-0.053594224	-0.053594224	-0.07695682	-0.07695682	0.36340716	0.23705785	-0.11043504	-0.03791519	0.44959125	-0.051653687	0.42402062	0.033668887	-0.053594224	0.47913983	-0.053594224	-0.55976444	0.64961356	0.18138799	-0.053594224	0.6569832	-0.44959107	-0.0052020443	-0.57001096	-0.0052020443	0.06983118	0.01745168	-0.053594224	0.074087396	0.06983118	-0.21403801	-0.02240184	-0.053594224	-0.03028154	-0.053594224	-0.23658785	-0.03028154	-0.014071813	0.5597619	-0.23167878	-0.05185864	0.5597619	-0.18370427	-0.2432456	0.5597619	-0.18370427	0.0174517	0.02740773	0.016925754	0.24696192	0.6519992	-0.165945	-0.053594224	1.0	-0.20334055	-0.062197044		-0.06733793	-0.21452561	-0.13086782	-0.5064178	0.46286634	0.014656042	0.05305058	-0.17850582	-0.20334055	0.1157556	0.9378338	0.1817472	0.0043229945	0.014656042	-0.18179207	0.05305058	0.014656042	-0.095744684	-0.053594224	0.15085779	0.4000414	-0.21452561	0.15085779	-0.053594224	0.15085779	0.3788832	-0.1744569
-0.082837395	0.18802772	-0.06733793	0.18802772	0.18802772	0.46446192	0.46446192	-0.118947566	0.051907476	-0.18306534	0.12712397	0.055840697	0.07585287	0.031392317	-0.057350207	0.18802772	-0.002987206	0.18802772	0.0828377	-0.09613426	-0.029812843	-0.082837395	-0.021712653	-0.055840787	0.60717106	0.0020577963	0.60717106	0.07552226	0.2459555	-0.082837395	0.23780291	0.07552226	0.31184185	0.6077688	-0.082837395	0.51275843	-0.082837395	-0.082484156	0.51275843	0.64117986	-0.082837395	-0.12074664	0.5595311	-0.082837395	-0.09574314	-0.07577697	-0.082837395	-0.09574314	0.08171934	0.09541207	0.11907814	0.3607567	-0.003761072	-0.4576182	0.45889285	-0.06733793	-0.46310177	0.4932603	-0.06733793		-0.44719455	-0.10626411	-0.5779851	-0.12914547	0.68929756	0.1423236	-0.11866172	-0.46310177	-0.09613426	-0.13878706	-0.30958065	0.71948594	0.68929756	-0.3791334	0.1423236	0.68929756	0.093959905	0.45889285	0.05259517	0.09254828	-0.34314102	0.05259517	0.18802772	0.05259517	0.54131424	-0.016074609
-0.23732094	-0.23732094	-0.109804556	-0.14939268	-0.14939268	-0.21451539	-0.21451539	-0.21451539	0.5635621	0.79711324	-0.6808427	-0.26632768	0.6667044	-0.2687094	-0.6627146	-0.14939268	-0.2661845	-0.14939268	0.061463725	-0.07133054	0.6208473	-0.23732094	-0.15138659	0.26632813	-0.3592991	0.08015518	-0.3592991	-0.27764422	-0.73527205	-0.23732094	-0.76884776	-0.27764422	-0.71598	-0.3996145	-0.23732094	-0.4399371	-0.23732094	-0.5777669	-0.4399371	-0.35749048	-0.06146442	-0.54306984	-0.4358484	-0.06146442	0.8401138	-0.5852332	-0.06146442	0.8401138	0.62424326	0.6427775	0.63128453	-0.35628045	-0.2722645	0.9772219	-0.14939268	-0.21452561	0.97818714	-0.14786227	-0.21452561	-0.44719455		-0.6932808	0.54916334	-0.27207312	-0.31612438	-0.27207312	-0.6130757	0.97818714	-0.30092576	-0.1582221	0.75611395	-0.3142016	-0.31612438	0.9305392	-0.33082268	-0.31612438	-0.31924665	-0.14939268	-0.06146442	-0.4020147	0.9099257	-0.23732094	-0.06146442	-0.23732094	-0.3133246	-0.59712386
0.3787645	0.065828055	-0.2551018	-0.0384841	-0.0384841	-0.13015172	-0.13015172	0.16941534	-0.78716826	-0.7008349	0.7300304	0.11248592	-0.8534842	0.15398093	0.81288725	-0.0384841	0.14437452	-0.0384841	0.14279668	-0.16571759	-0.8346428	0.3787645	-0.13015172	-0.11248577	-0.080684595	0.18622078	-0.080684595	0.31919888	0.6438455	0.3787645	0.6616477	0.31919888	0.6865063	-0.07106168	0.3787645	0.10718259	0.3787645	0.86013263	0.10718259	-0.102051295	-0.14279626	0.8451716	0.08251451	-0.14279626	-0.77936614	0.8712988	-0.14279626	-0.77936614	-0.77924645	-0.7577872	-0.78643346	0.03385097	0.0077248374	-0.6821033	-0.14279626	-0.13086782	-0.6887234	-0.16571759	-0.13086782	-0.10626411	-0.6932808		0.14890103	0.19555618	-0.09260678	0.26525265	0.8712988	-0.6887234	0.3790349	-0.17370576	-0.70073223	-0.114691556	-0.09260678	-0.67650414	0.33494917	-0.09260678	0.24183409	-0.14279626	-0.0384841	0.21487178	-0.7199953	0.065828055	-0.0384841	0.065828055	-0.17343023	0.8027499
0.105830066	-0.28347334	-0.5064178	-0.28347334	-0.28347334	-0.22070831	-0.22070831	-0.12754042	-0.12371447	0.32871747	-0.022584178	-0.28330234	-0.0019752379	-0.23034391	-0.04464794	-0.28347334	-0.24186087	-0.28347334	0.28347296	-0.32897592	-0.051072516	0.105830066	-0.40704402	0.2833023	-0.5943216	0.36967933	-0.5943216	-0.034372628	-0.32733792	0.105830066	-0.35631242	-0.034372628	-0.2411756	-0.64911354	0.105830066	-0.4901101	0.105830066	0.15060388	-0.4901101	-0.6220167	-0.28347334	0.18458366	-0.46583402	-0.28347334	0.21849227	0.19268897	-0.28347334	0.21849227	-0.0126049295	0.0433045	-0.012225052	-0.3404034	-0.36638144	0.5279557	-0.023937766	-0.5064178	0.52583253	-0.10307915	-0.5064178	-0.5779851	0.54916334	0.14890103		-0.1818275	-0.53667355	-0.09512272	0.110507	0.52583253	0.009869209	-0.4749358	0.2569464	-0.56591874	-0.53667355	0.46085575	-0.09512272	-0.53667355	-0.19731538	-0.023937766	-0.15370555	-0.2934643	0.48269564	-0.28347334	-0.15370555	-0.28347334	-0.64911354	0.049120694
0.641427	0.18262851	0.32626107	-0.046770718	-0.046770718	-0.06715883	-0.06715883	0.92103547	0.054674413	-0.20814483	0.29648224	-0.093371816	0.09077506	0.78640246	-0.10186345	-0.046770718	-0.088546604	-0.046770718	-0.6414296	-0.054278243	0.06197448	0.641427	0.097540215	0.093371704	-0.09805807	0.06099381	-0.09805807	-0.06715883	-0.1161365	0.641427	-0.051363382	-0.06715883	-0.10186345	-0.10709826	0.641427	0.21660006	0.641427	-0.046571277	0.21660006	-0.102627516	0.641427	-0.04137313	0.18047655	0.641427	-0.287825	0.15092053	0.641427	-0.287825	-0.116136424	-0.103378996	-0.1126364	0.20368639	0.21660006	-0.21829595	-0.046770718	0.46286634	-0.26147133	-0.054278243	0.46286634	-0.12914547	-0.27207312	0.19555618	-0.1818275		-0.088546604	-0.072916664	0.22355986	-0.26147133	0.7443874	0.49814823	-0.11355529	-0.093371816	-0.088546604	-0.29718503	-0.072916664	-0.088546604	0.32626107	-0.046770718	-0.046770718	0.36201575	-0.27207312	-0.046770718	-0.046770718	-0.046770718	-0.10709826	0.01618936
-0.056796186	0.13820405	-0.101464905	-0.056796186	-0.056796186	0.05844744	0.05844744	-0.08155457	0.12184216	-0.17641416	-0.06564861	-0.007215495	0.10149918	0.027357703	-0.11526054	-0.056796186	0.0032258132	-0.056796186	0.05679624	-0.06591298	0.06568889	-0.056796186	-0.08155457	0.0072155637	0.698586	0.07406808	0.698586	0.05844744	0.2812416	-0.056796186	0.27575552	0.05844744	0.29818648	0.63541234	-0.056796186	0.6083191	-0.056796186	-0.114804596	0.6083191	0.6653116	-0.056796186	-0.10882522	0.53988177	-0.056796186	0.13048804	-0.13428445	-0.056796186	0.13048804	0.1630053	0.16908006	0.1580928	0.040429354	-0.04241988	-0.3234929	0.13820405	0.014656042	-0.3033914	0.10381295	0.014656042	0.68929756	-0.31612438	-0.09260678	-0.53667355	-0.088546604		0.041743413	-0.13428445	-0.3033914	-0.06591298	-0.09515721	-0.31636733	0.94832253	1.0	-0.29275268	0.041743413	1.0	-0.101464905	0.13820405	0.13820405	-0.025883874	-0.2661845	0.13820405	-0.056796186	0.13820405	0.8267791	-0.12760873
-0.046770718	0.41202775	-0.08355467	-0.046770718	-0.046770718	-0.06715883	-0.06715883	-0.06715883	0.13077529	-0.08240336	-0.04057812	0.65602803	-0.3407556	0.20989391	0.31503466	-0.046770718	0.6931935	-0.046770718	0.046771012	-0.054278243	-0.095639504	-0.046770718	0.097540215	-0.78092766	0.022179803	-0.118502066	0.022179803	0.92103547	-0.046589643	-0.046770718	-0.051363382	0.92103547	-0.032380436	0.11802667	-0.046770718	-0.0021235305	-0.046770718	-0.046571277	-0.0021235305	0.12969412	-0.046770718	-0.12177752	-0.022682846	-0.046770718	-0.287825	-0.06699743	-0.046770718	-0.287825	0.0925041	0.098798975	0.089716285	0.62967	0.5446854	-0.27841488	-0.046770718	0.05305058	-0.26147133	0.14538816	0.05305058	0.1423236	-0.27207312	0.26525265	-0.09512272	-0.072916664	0.041743413		-0.06699743	-0.26147133	-0.054278243	-0.078360386	0.07015463	0.031528153	0.041743413	-0.17250046	0.84672624	0.041743413	0.05305058	-0.046770718	0.18262851	0.5943374	-0.27207312	0.18262851	-0.046770718	0.18262851	0.005464204	-0.059606284
0.40742332	0.08127356	-0.2432456	-0.02744302	-0.02744302	-0.11745984	-0.11745984	0.19475597	-0.840364	-0.66128916	0.7946638	-0.212633	-0.68037796	0.18170336	0.6819243	-0.02744302	-0.19603133	-0.02744302	0.13615996	-0.15801564	-0.85465515	0.40742332	-0.03940588	0.15344071	-0.057536203	0.09249933	-0.057536203	-0.11745984	0.6742309	0.40742332	0.69406885	-0.11745984	0.7148536	0.0082866745	0.40742332	0.14189965	0.40742332	0.8765864	0.14189965	-0.023516856	-0.1361596	0.8975055	0.07150968	-0.1361596	-0.7084294	0.8967246	-0.1361596	-0.7084294	-0.80894893	-0.78916353	-0.81653583	-0.13524109	-0.22090052	-0.5988744	-0.1361596	-0.17850582	-0.6115516	-0.063389994	-0.17850582	-0.11866172	-0.6130757	0.8712988	0.110507	0.22355986	-0.13428445	-0.06699743		-0.6115516	0.4097382	-0.15981938	-0.7990688	-0.15344055	-0.13428445	-0.6456911	-0.06699743	-0.13428445	0.20993286	-0.1361596	-0.02744302	-0.078567624	-0.6409182	0.08127356	-0.02744302	0.08127356	-0.20509513	0.8938393
-0.22989844	-0.22989844	-0.09965701	-0.14284131	-0.14284131	-0.20510818	-0.20510818	-0.20510818	0.56442755	0.78110784	-0.67335224	-0.25356486	0.66195405	-0.2575507	-0.6564048	-0.14284131	-0.2539463	-0.14284131	0.05578158	-0.06473854	0.6207939	-0.22989844	-0.14260483	0.25356388	-0.3451071	0.07274845	-0.3451071	-0.26761156	-0.7267062	-0.22989844	-0.7594351	-0.26761156	-0.70914257	-0.38404283	-0.22989844	-0.42349035	-0.22989844	-0.57999593	-0.42349035	-0.34282094	-0.0557842	-0.5462807	-0.41805673	-0.0557842	0.8249781	-0.5839849	-0.0557842	0.8249781	0.61933964	0.63665724	0.6262725	-0.34019446	-0.25747895	0.9553572	-0.14284131	-0.20334055	0.97792536	-0.14051203	-0.20334055	-0.46310177	0.97818714	-0.6887234	0.52583253	-0.26147133	-0.3033914	-0.26147133	-0.6115516		-0.29205903	-0.14815804	0.79081446	-0.30096447	-0.3033914	0.956923	-0.31963882	-0.3033914	-0.3588658	-0.14284131	-0.14284131	-0.38690403	0.9335961	-0.22989844	-0.0557842	-0.22989844	-0.29860783	-0.5970726
0.8616844	0.26401776	-0.062197044	-0.03481553	-0.03481553	-0.049992193	-0.049992193	0.59365726	-0.044273864	-0.19004054	0.25833312	-0.069504805	-0.0127347	0.5049233	0.0017575625	-0.03481553	-0.06591298	-0.03481553	0.03481552	-0.04040404	-0.04186137	0.8616844	0.16455764	0.06950483	-0.07299319	0.04540297	-0.07299319	-0.049992193	-0.008795834	0.8616844	0.07835502	-0.049992193	0.0017575625	-0.07972259	0.8616844	0.3444013	0.8616844	0.054600634	0.3444013	-0.07639463	-0.03481553	0.058980383	0.30447736	-0.03481553	-0.2854407	0.31511256	-0.03481553	-0.2854407	-0.28058723	-0.26507744	-0.27213112	-0.086201094	-0.08298827	-0.2296244	-0.03481553	0.1157556	-0.29205903	-0.04040404	0.1157556	-0.09613426	-0.30092576	0.3790349	0.009869209	0.7443874	-0.06591298	-0.054278243	0.4097382	-0.29205903		0.12942077	-0.28965616	-0.069504805	-0.06591298	-0.3256361	-0.054278243	-0.06591298	0.47166088	-0.03481553	-0.03481553	0.0749255	-0.30092576	-0.03481553	-0.03481553	-0.03481553	-0.07972259	0.13899912
-0.05026247	0.1654473	0.8093805	-0.05026247	-0.05026247	-0.0721727	-0.0721727	0.39243907	0.22232078	-0.09700092	-0.07077438	0.36944345	-0.018384825	0.32236844	0.0025373572	-0.05026247	0.39490247	-0.05026247	-0.5968696	0.6926745	0.23598218	-0.05026247	0.70218015	-0.36944318	-0.10537877	-0.6095907	-0.10537877	-0.0721727	-0.012698366	-0.05026247	0.047662705	-0.0721727	-0.25880906	-0.11509387	-0.05026247	-0.119808465	-0.05026247	-0.22188008	-0.119808465	-0.110289365	0.5968668	-0.21727617	-0.13353959	0.5968668	-0.17228408	-0.22812393	0.5968668	-0.17228408	-0.0126983635	-0.0024609978	-0.012315671	0.17597549	0.6000407	-0.10537876	-0.05026247	0.9378338	-0.14815804	-0.058330487	0.9378338	-0.13878706	-0.1582221	-0.17370576	-0.4749358	0.49814823	-0.09515721	-0.078360386	-0.15981938	-0.14815804	0.12942077		0.21523498	-0.10034266	-0.09515721	-0.17700426	-0.078360386	-0.09515721	-0.0897926	-0.05026247	-0.05026247	0.32662618	-0.1582221	-0.05026247	-0.05026247	-0.05026247	0.30828717	-0.1556924
-0.2954175	-0.112116285	0.1817472	-0.2037669	-0.2037669	-0.095188305	-0.095188305	-0.095188305	0.73914653	0.73184776	-0.68979263	0.22527939	0.5336808	-0.13025902	-0.5217833	-0.2037669	0.20417324	-0.2037669	-0.162837	0.18897356	0.71529835	-0.2954175	0.10221561	-0.17537759	-0.3791735	-0.14064044	-0.3791735	0.10221561	-0.7785382	-0.2954175	-0.79059553	0.10221561	-0.82714504	-0.43661606	-0.2954175	-0.48571032	-0.2954175	-0.7185157	-0.48571032	-0.38524055	0.16283557	-0.7416479	-0.46020985	0.16283557	0.5836218	-0.74102646	0.16283557	0.5836218	0.6663173	0.7214864	0.7001324	0.1478844	0.21337317	0.7497194	0.07118493	0.1817472	0.7675748	0.029430324	0.1817472	-0.30958065	0.75611395	-0.70073223	0.2569464	-0.11355529	-0.31636733	0.07015463	-0.7990688	0.79081446	-0.28965616	0.21523498		-0.27372658	-0.31636733	0.806947	0.008917975	-0.31636733	-0.3094471	0.07118493	-0.112116285	-0.0139677655	0.7795856	-0.2037669	-0.020465665	-0.2037669	-0.1667873	-0.7788115
-0.0598912	0.12704195	-0.10699408	-0.0598912	-0.0598912	0.04821143	0.04821143	-0.08599876	0.078871146	-0.18602759	-0.03626634	0.0839921	0.1246125	0.017103864	-0.08190718	-0.0598912	-0.007215495	-0.0598912	0.059891295	-0.069504805	0.02431573	-0.0598912	-0.08599876	0.017786589	0.65827066	0.07810424	0.65827066	0.04821143	0.23989496	-0.0598912	0.2340578	0.04821143	0.31443572	0.5966581	-0.0598912	0.570175	-0.0598912	-0.13409023	0.570175	0.62584084	-0.0598912	-0.12785949	0.5858569	-0.0598912	0.106427155	-0.15344055	-0.0598912	0.106427155	0.12655012	0.1892771	0.1777007	0.11205772	-0.053643174	-0.3215253	0.12704195	0.0043229945	-0.30096447	0.093199626	0.0043229945	0.71948594	-0.3142016	-0.114691556	-0.56591874	-0.093371816	0.94832253	0.031528153	-0.15344055	-0.30096447	-0.069504805	-0.10034266	-0.27372658		0.94832253	-0.29346532	0.031528153	0.94832253	0.0043229945	0.12704195	0.12704195	-0.036760114	-0.26632768	0.12704195	0.12704195	0.12704195	0.78010815	-0.14691545
-0.056796186	0.13820405	-0.101464905	-0.056796186	-0.056796186	0.05844744	0.05844744	-0.08155457	0.12184216	-0.17641416	-0.06564861	-0.007215495	0.10149918	0.027357703	-0.11526054	-0.056796186	0.0032258132	-0.056796186	0.05679624	-0.06591298	0.06568889	-0.056796186	-0.08155457	0.0072155637	0.698586	0.07406808	0.698586	0.05844744	0.2812416	-0.056796186	0.27575552	0.05844744	0.29818648	0.63541234	-0.056796186	0.6083191	-0.056796186	-0.114804596	0.6083191	0.6653116	-0.056796186	-0.10882522	0.53988177	-0.056796186	0.13048804	-0.13428445	-0.056796186	0.13048804	0.1630053	0.16908006	0.1580928	0.040429354	-0.04241988	-0.3234929	0.13820405	0.014656042	-0.3033914	0.10381295	0.014656042	0.68929756	-0.31612438	-0.09260678	-0.53667355	-0.088546604	1.0	0.041743413	-0.13428445	-0.3033914	-0.06591298	-0.09515721	-0.31636733	0.94832253		-0.29275268	0.041743413	1.0	-0.101464905	0.13820405	0.13820405	-0.025883874	-0.2661845	0.13820405	-0.056796186	0.13820405	0.8267791	-0.12760873
-0.25726923	-0.16396384	-0.12622951	-0.07065846	-0.07065846	-0.16844901	-0.16844901	-0.23543836	0.5911141	0.77783304	-0.6684391	-0.19186221	0.6177274	-0.23562624	-0.61818355	-0.07065846	-0.18676487	-0.07065846	0.07065975	-0.082000375	0.5881716	-0.25726923	-0.16844901	0.19186279	-0.2948563	0.09214592	-0.2948563	-0.16844901	-0.69674766	-0.25726923	-0.7328496	-0.16844901	-0.67470634	-0.34493145	-0.25726923	-0.39083353	-0.25726923	-0.5720577	-0.39083353	-0.29678467	-0.07065846	-0.56707275	-0.39431018	-0.07065846	0.79506475	-0.5866008	-0.07065846	0.79506475	0.63275754	0.6544081	0.64112324	-0.2615778	-0.21290715	0.9033237	-0.16396384	-0.18179207	0.933264	-0.16321228	-0.18179207	-0.3791334	0.9305392	-0.67650414	0.46085575	-0.29718503	-0.29275268	-0.17250046	-0.6456911	0.956923	-0.3256361	-0.17700426	0.806947	-0.29346532	-0.29275268		-0.17250046	-0.29275268	-0.29291716	-0.16396384	-0.07065846	-0.29678467	0.88274777	-0.16396384	0.022646923	-0.16396384	-0.29914802	-0.5965256
-0.046770718	0.18262851	-0.08355467	0.18262851	0.18262851	0.097540215	0.097540215	-0.06715883	0.054674413	-0.20814483	-0.04057812	0.65602803	-0.4126774	0.06576676	0.3845177	0.18262851	0.6931935	0.18262851	0.046771012	-0.054278243	-0.095639504	-0.046770718	-0.06715883	-0.65602773	0.14241767	0.06099381	0.14241767	0.92103547	0.09250406	-0.046770718	0.08785836	0.92103547	0.10658559	0.11802667	-0.046770718	0.107238255	-0.046770718	0.03337608	0.107238255	0.12969412	-0.046770718	-0.04137313	0.07889684	-0.046770718	-0.287825	0.005641891	-0.046770718	-0.287825	0.02295724	0.0314063	0.022265373	0.52317417	0.5446854	-0.33853382	-0.046770718	0.05305058	-0.31963882	-0.054278243	0.05305058	0.1423236	-0.33082268	0.33494917	-0.09512272	-0.072916664	0.041743413	0.84672624	-0.06699743	-0.31963882	-0.054278243	-0.078360386	0.008917975	0.031528153	0.041743413	-0.17250046		0.041743413	0.18965583	-0.046770718	0.18262851	0.7104982	-0.33082268	0.18262851	0.18262851	0.18262851	0.005464204	0.01618936
-0.056796186	0.13820405	-0.101464905	-0.056796186	-0.056796186	0.05844744	0.05844744	-0.08155457	0.12184216	-0.17641416	-0.06564861	-0.007215495	0.10149918	0.027357703	-0.11526054	-0.056796186	0.0032258132	-0.056796186	0.05679624	-0.06591298	0.06568889	-0.056796186	-0.08155457	0.0072155637	0.698586	0.07406808	0.698586	0.05844744	0.2812416	-0.056796186	0.27575552	0.05844744	0.29818648	0.63541234	-0.056796186	0.6083191	-0.056796186	-0.114804596	0.6083191	0.6653116	-0.056796186	-0.10882522	0.53988177	-0.056796186	0.13048804	-0.13428445	-0.056796186	0.13048804	0.1630053	0.16908006	0.1580928	0.040429354	-0.04241988	-0.3234929	0.13820405	0.014656042	-0.3033914	0.10381295	0.014656042	0.68929756	-0.31612438	-0.09260678	-0.53667355	-0.088546604	1.0	0.041743413	-0.13428445	-0.3033914	-0.06591298	-0.09515721	-0.31636733	0.94832253	1.0	-0.29275268	0.041743413		-0.101464905	0.13820405	0.13820405	-0.025883874	-0.2661845	0.13820405	-0.056796186	0.13820405	0.8267791	-0.12760873
0.5597619	-0.053594224	0.026004724	0.35530984	0.35530984	0.21661918	0.21661918	0.36340716	-0.1698914	-0.27853563	0.2624898	0.11564007	-0.11575397	0.29556727	0.15752234	0.35530984	0.014656042	0.35530984	0.053594243	-0.062197044	-0.16979548	0.5597619	-0.07695682	-0.0043230564	0.10195993	0.06989221	0.10195993	0.06983118	0.14141892	0.5597619	0.13612805	0.06983118	0.21944907	0.17824072	0.5597619	0.35959315	0.5597619	0.11967746	0.35959315	0.08945649	-0.053594224	0.05496281	0.40080574	-0.053594224	-0.2973472	0.27467266	-0.053594224	-0.2973472	-0.2924663	-0.33297443	-0.28365222	0.057132974	-0.03028154	-0.32668796	-0.053594224	-0.095744684	-0.30702406	-0.062197044	-0.095744684	0.093959905	-0.31924665	0.24183409	-0.19731538	0.32626107	-0.101464905	0.05305058	0.20993286	-0.3588658	0.47166088	-0.0897926	-0.3094471	0.0043229945	-0.101464905	-0.29291716	0.18965583	-0.101464905		-0.053594224	0.15085779	0.08945649	-0.37160715	0.15085779	0.35530984	0.15085779	-0.12272311	0.095754504
-0.03	-0.03	-0.053594224	-0.03	-0.03	0.6964194	0.6964194	-0.043077487	0.13269591	0.095009856	0.14693178	-0.0598912	0.15049072	-0.05026247	-0.15447453	-0.03	-0.056796186	-0.03	0.030000055	-0.03481553	0.14084992	-0.03	-0.043077487	0.059891224	0.11705847	0.039123032	0.11705847	-0.043077487	-0.059623342	-0.03	-0.062712714	-0.043077487	-0.05048187	0.09977235	-0.03	0.09216805	-0.03	-0.13243285	0.09216805	0.108025536	-0.03	-0.12968494	0.07232521	-0.03	-0.102830656	-0.1361596	-0.03	-0.102830656	0.14855306	0.14982729	0.14407608	0.40388736	-0.07150969	-0.15287489	1.0	-0.053594224	-0.14284131	0.8616844	-0.053594224	0.45889285	-0.14939268	-0.14279626	-0.023937766	-0.046770718	0.13820405	-0.046770718	-0.1361596	-0.14284131	-0.03481553	-0.05026247	0.07118493	0.12704195	0.13820405	-0.16396384	-0.046770718	0.13820405	-0.053594224		-0.03	-0.065828055	0.11439209	-0.03	-0.03	-0.03	0.09977235	-0.13546783
-0.03	0.31333333	-0.053594224	-0.03	-0.03	-0.043077487	-0.043077487	-0.043077487	0.13269591	0.00091357017	-0.054854516	0.12704195	0.042848036	0.1654473	0.05351079	-0.03	0.13820405	-0.03	0.030000055	-0.03481553	0.022902409	-0.03	-0.043077487	-0.12704188	0.29701406	0.039123032	0.29701406	0.20342149	0.044464856	-0.03	0.041471295	0.20342149	0.05351079	0.2682404	-0.03	0.2558458	-0.03	-0.13243285	0.2558458	0.28187913	-0.03	-0.12968494	0.07232521	-0.03	-0.0074112206	-0.1361596	-0.03	-0.0074112206	0.14855306	0.14982729	0.14407608	0.24449888	0.2558458	-0.06289709	-0.03	0.15085779	-0.0557842	-0.03481553	0.15085779	0.05259517	-0.06146442	-0.0384841	-0.15370555	-0.046770718	0.13820405	0.18262851	-0.02744302	-0.14284131	-0.03481553	-0.05026247	-0.112116285	0.12704195	0.13820405	-0.07065846	0.18262851	0.13820405	0.15085779	-0.03		0.108025536	-0.14939268	0.65666664	-0.03	0.65666664	0.09977235	-0.13546783
-0.065828055	0.28187913	0.19298479	0.108025536	0.108025536	0.030296018	0.030296018	0.2799352	0.06047381	-0.20446797	0.06696163	0.4365263	-0.2148528	0.32662618	0.18762866	0.108025536	0.46782714	0.108025536	-0.45573503	-0.07639463	0.010437405	-0.065828055	0.030296018	-0.43652615	0.04423497	0.085846595	0.04423497	0.65439403	-0.042984463	-0.065828055	0.0030731088	0.65439403	-0.023006245	0.019877393	-0.065828055	0.008851407	-0.065828055	-0.04823614	0.008851407	0.03162392	0.4557327	-0.10175663	0.13303971	0.4557327	-0.3705906	-0.023516856	0.4557327	-0.3705906	0.009722634	0.022314077	0.0094296215	0.5633994	0.67190295	-0.36582324	-0.065828055	0.4000414	-0.38690403	-0.07639463	0.4000414	0.09254828	-0.4020147	0.21487178	-0.2934643	0.36201575	-0.025883874	0.5943374	-0.078567624	-0.38690403	0.0749255	0.32662618	-0.0139677655	-0.036760114	-0.025883874	-0.29678467	0.7104982	-0.025883874	0.08945649	-0.065828055	0.108025536		-0.35749048	0.108025536	0.108025536	0.108025536	-0.065429725	-0.010038575
-0.23732094	-0.23732094	-0.109804556	-0.14939268	-0.14939268	-0.025128962	-0.025128962	-0.21451539	0.59273183	0.8212115	-0.6550038	-0.26632768	0.6942723	-0.2687094	-0.6893473	-0.14939268	-0.2661845	-0.14939268	0.061463725	-0.07133054	0.65105426	-0.23732094	-0.15138659	0.26632813	-0.31321216	0.08015518	-0.31321216	-0.27764422	-0.73527205	-0.23732094	-0.76884776	-0.27764422	-0.71598	-0.35646954	-0.23732094	-0.39801896	-0.23732094	-0.60841054	-0.39801896	-0.31296626	-0.06146442	-0.5738887	-0.39691314	-0.06146442	0.79123986	-0.6409182	-0.06146442	0.79123986	0.65090084	0.6686087	0.6571381	-0.23382144	-0.2722645	0.90809166	0.11439209	-0.21452561	0.9335961	0.08173292	-0.21452561	-0.34314102	0.9099257	-0.7199953	0.48269564	-0.27207312	-0.2661845	-0.27207312	-0.6409182	0.9335961	-0.30092576	-0.1582221	0.7795856	-0.26632768	-0.2661845	0.88274777	-0.33082268	-0.2661845	-0.37160715	0.11439209	-0.14939268	-0.35749048		-0.23732094	-0.14939268	-0.23732094	-0.27017963	-0.62617624
-0.03	0.31333333	-0.053594224	-0.03	-0.03	-0.043077487	-0.043077487	-0.043077487	-0.09509874	-0.18727903	0.14693178	0.12704195	-0.0647946	0.1654473	0.15750344	-0.03	0.13820405	-0.03	0.030000055	-0.03481553	-0.09504505	-0.03	-0.043077487	-0.12704188	0.29701406	0.039123032	0.29701406	0.20342149	0.14855306	-0.03	0.1456553	0.20342149	0.15750344	0.43670845	-0.03	0.2558458	-0.03	-0.012778607	0.2558458	0.28187913	-0.03	-0.009346665	0.07232521	-0.03	-0.19825009	-0.02744302	-0.03	-0.19825009	0.04446485	-0.05190092	-0.057826433	0.24449888	0.2558458	-0.24285267	-0.03	0.15085779	-0.22989844	-0.03481553	0.15085779	0.05259517	-0.23732094	0.065828055	-0.28347334	-0.046770718	0.13820405	0.18262851	0.08127356	-0.22989844	-0.03481553	-0.05026247	-0.2037669	0.12704195	0.13820405	-0.16396384	0.18262851	0.13820405	0.15085779	-0.03	0.65666664	0.108025536	-0.23732094		-0.03	1.0	0.09977235	-0.022027295
-0.03	-0.03	-0.053594224	0.31333333	0.31333333	0.20342149	0.20342149	-0.043077487	-0.09509874	-0.18727903	0.14693178	0.12704195	0.042848036	-0.05026247	0.05351079	0.31333333	-0.056796186	0.31333333	0.030000055	-0.03481553	-0.09504505	-0.03	-0.043077487	0.059891224	0.11705847	0.039123032	0.11705847	-0.043077487	0.044464856	-0.03	0.041471295	-0.043077487	0.15750344	0.09977235	-0.03	0.09216805	-0.03	-0.012778607	0.09216805	0.108025536	-0.03	-0.009346665	0.3763863	-0.03	-0.102830656	0.08127356	-0.03	-0.102830656	-0.1637115	-0.05190092	-0.057826433	0.08511037	-0.07150969	-0.15287489	-0.03	-0.053594224	-0.14284131	-0.03481553	-0.053594224	0.18802772	-0.06146442	-0.0384841	-0.15370555	-0.046770718	-0.056796186	-0.046770718	-0.02744302	-0.0557842	-0.03481553	-0.05026247	-0.020465665	0.12704195	-0.056796186	0.022646923	0.18262851	-0.056796186	0.35530984	-0.03	-0.03	0.108025536	-0.14939268	-0.03		-0.03	-0.06869571	0.09141324
-0.03	0.31333333	-0.053594224	-0.03	-0.03	-0.043077487	-0.043077487	-0.043077487	-0.09509874	-0.18727903	0.14693178	0.12704195	-0.0647946	0.1654473	0.15750344	-0.03	0.13820405	-0.03	0.030000055	-0.03481553	-0.09504505	-0.03	-0.043077487	-0.12704188	0.29701406	0.039123032	0.29701406	0.20342149	0.14855306	-0.03	0.1456553	0.20342149	0.15750344	0.43670845	-0.03	0.2558458	-0.03	-0.012778607	0.2558458	0.28187913	-0.03	-0.009346665	0.07232521	-0.03	-0.19825009	-0.02744302	-0.03	-0.19825009	0.04446485	-0.05190092	-0.057826433	0.24449888	0.2558458	-0.24285267	-0.03	0.15085779	-0.22989844	-0.03481553	0.15085779	0.05259517	-0.23732094	0.065828055	-0.28347334	-0.046770718	0.13820405	0.18262851	0.08127356	-0.22989844	-0.03481553	-0.05026247	-0.2037669	0.12704195	0.13820405	-0.16396384	0.18262851	0.13820405	0.15085779	-0.03	0.65666664	0.108025536	-0.23732094	1.0	-0.03		0.09977235	-0.022027295
-0.06869571	0.09977235	0.27856195	-0.06869571	-0.06869571	0.022311723	0.022311723	-0.09864129	0.1920796	-0.21337515	-0.15861341	0.32148293	-0.025127241	-0.009248613	0.0034678823	-0.06869571	0.348362	-0.06869571	0.06869615	0.5068079	0.1489015	-0.06869571	0.38517076	-0.32148293	0.56238467	-0.43769246	0.56238467	0.022311723	0.3401653	-0.06869571	0.33352983	0.022311723	0.15655038	0.5040129	-0.06869571	0.47876495	-0.06869571	-0.18582755	0.47876495	0.5317201	-0.06869571	-0.17886391	0.41427743	-0.06869571	0.04545709	-0.20509513	-0.06869571	0.04545709	0.033719044	0.04612882	0.03270285	-0.013667649	0.23782298	-0.3206279	0.09977235	0.3788832	-0.29860783	0.066910036	0.3788832	0.54131424	-0.3133246	-0.17343023	-0.64911354	-0.10709826	0.8267791	0.005464204	-0.20509513	-0.29860783	-0.07972259	0.30828717	-0.1667873	0.78010815	0.8267791	-0.29914802	0.005464204	0.8267791	-0.12272311	0.09977235	0.09977235	-0.065429725	-0.27017963	0.09977235	-0.06869571	0.09977235		-0.19887511
0.09141324	0.09141324	-0.1744569	0.20485377	0.20485377	0.049816202	0.049816202	-0.031629354	-0.86847603	-0.6384076	0.7301563	-0.2086799	-0.7075245	-0.013147365	0.6768614	0.20485377	-0.19203863	0.20485377	0.1354685	-0.15721281	-0.88384604	0.09141324	-0.031629354	0.14691527	0.013277224	0.08790093	0.013277224	-0.113074906	0.73958874	0.09141324	0.7609903	-0.113074906	0.7799419	0.07944195	0.09141324	0.05565579	0.09141324	0.9043123	0.05565579	0.04740428	-0.13546783	0.9253091	0.04194152	-0.13546783	-0.6219789	0.8219973	-0.13546783	-0.6219789	-0.7392547	-0.75647783	-0.750331	-0.17741957	-0.2688281	-0.5813127	-0.13546783	-0.1744569	-0.5970726	-0.058475498	-0.1744569	-0.016074609	-0.59712386	0.8027499	0.049120694	0.01618936	-0.12760873	-0.059606284	0.8938393	-0.5970726	0.13899912	-0.1556924	-0.7788115	-0.14691545	-0.12760873	-0.5965256	0.01618936	-0.12760873	0.095754504	-0.13546783	-0.13546783	-0.010038575	-0.62617624	-0.022027295	0.09141324	-0.022027295	-0.19887511	
