ox_code	population	species	2R:28484738 AGAP013128-RA Lys44Arg	2R:28484755 AGAP013128-RA Phe38Leu	2R:28485871 AGAP002863-RA Ser374Asn	2R:28486120 AGAP002863-RA Ala291Asp	2R:28486181 AGAP002863-RA Pro271Ser	2R:28486249 AGAP002863-RA Lys248Arg	2R:28487654 AGAP002864-RA Ser459Gly	2R:28487822 AGAP002864-RA Gln403Glu	2R:28487860 AGAP002864-RA Ser390Phe	2R:28488144 AGAP002864-RA Ala317Ser	2R:28488162 AGAP002864-RA Gln311Lys	2R:28488243 AGAP002864-RA Val284Ile	2R:28488427 AGAP002864-RA Asp222Glu	2R:28488486 AGAP002864-RA Val203Ile	2R:28488615 AGAP002864-RA Val160Met	2R:28488638 AGAP002864-RA Ser152Leu	2R:28488665 AGAP002864-RA Glu143Val	2R:28488776 AGAP002864-RA Gly106Val	2R:28494247 AGAP002866-RA Glu434Lys	2R:28494384 AGAP002866-RA Ser388Thr	2R:28495384 AGAP002866-RA Val88Ile	2R:28495388 AGAP002866-RA Ile86Met	2R:28495539 AGAP002866-RA His36Arg	2R:28495540 AGAP002866-RA His36Tyr	2R:28495565 AGAP002866-RA Arg27Ser	2R:28495566 AGAP002866-RA Arg27Lys	2R:28495617 AGAP002866-RA Ala10Val	2R:28497678 AGAP002867-RA Ile333Val	2R:28497967 AGAP002867-RA Ile236Met	2R:28499354 AGAP002868-RA Arg476His	2R:28499468 AGAP002868-RA Asn438Thr	2R:28499923 AGAP002868-RA Val313Ile	2R:28499985 AGAP002868-RA Ala292Val	2R:28499993 AGAP002868-RA Glu289Asp	2R:28501326 AGAP002869-RA Tyr501Phe	2R:28501483 AGAP002869-RA Pro449Ser	2R:28501838 AGAP002869-RA Leu353Val	2R:28502113 AGAP002869-RA Arg261Gln	2R:28502303 AGAP002869-RA Arg198Ser	2R:28505186 AGAP002870-RA Ala211Thr	2R:28505514 AGAP002870-RA Asn101Lys	2R:28505722 AGAP002870-RA Gln32Pro	2R:28505783 AGAP002870-RA Thr12Ala
AC0090-C	UGS	gam	2	2	0	0	2	0	2	2	0	0	0	0	0	0	0	0	0	0	0	0	2	0	2	2	2	2	0	0	2	2	0	2	0	2	0	2	2	0	2	0	2	0	0
AC0091-C	UGS	gam	2	2	0	0	2	0	2	2	0	0	0	0	0	0	0	0	0	0	0	0	2	0	2	2	2	2	0	0	2	2	0	2	0	2	0	2	2	0	2	0	2	0	0
AC0092-C	UGS	gam	2	2	0	0	2	0	2	2	0	0	0	0	0	0	0	0	0	0	0	0	2	0	2	2	2	2	0	0	2	2	0	2	0	2	0	2	2	0	2	0	2	0	0
AC0093-C	UGS	gam	1	1	1	0	1	1	1	2	0	0	1	1	1	0	0	1	0	0	1	0	1	1	1	1	1	1	0	0	1	1	0	1	1	2	1	1	1	0	1	0	1	0	1
AC0094-C	UGS	gam	1	1	1	0	1	1	1	2	0	0	1	1	1	0	0	1	0	0	1	0	1	1	1	1	1	1	0	0	1	1	0	1	1	2	1	1	1	0	1	0	1	0	1
AC0095-C	UGS	gam	2	2	0	0	2	0	2	2	0	0	0	0	0	0	0	0	0	0	0	0	2	0	2	2	2	2	0	0	2	2	0	2	0	2	0	2	2	0	2	0	2	0	0
AC0096-C	UGS	gam	1	1	1	0	1	1	1	2	0	0	1	1	1	0	0	1	0	0	1	0	1	1	1	1	1	1	0	0	1	1	0	1	1	2	1	1	1	0	1	0	1	0	1
AC0097-C	UGS	gam	2	1	1	0	2	0	2	2	0	0	0	0	0	0	0	0	0	0	0	0	1	0	1	2	2	2	1	1	1	1	0	1	0	1	0	1	2	0	1	1	1	0	0
AC0098-C	UGS	gam	2	1	0	0	2	0	2	2	0	0	0	0	0	0	0	0	0	0	0	0	2	0	2	2	2	2	0	0	2	2	0	2	0	2	0	2	2	0	2	0	2	0	0
AC0099-C	UGS	gam	2	2	0	0	2	0	2	2	0	0	0	0	0	0	0	0	0	0	0	0	2	0	2	2	2	2	0	0	2	2	0	2	0	2	0	2	2	0	2	0	2	0	0
AC0100-C	UGS	gam	2	2	0	0	2	0	2	2	0	0	0	0	0	0	0	0	0	0	0	0	2	0	2	2	2	2	0	0	2	2	0	2	0	2	0	2	2	0	2	0	2	0	0
AC0101-C	UGS	gam	1	1	1	0	1	1	1	2	0	0	1	1	1	0	0	1	0	0	1	0	1	1	1	1	1	1	0	0	1	1	0	1	1	2	1	1	1	0	1	0	1	0	1
AC0102-C	UGS	gam	1	1	1	0	1	1	1	2	0	0	1	1	1	0	0	1	0	0	1	0	1	1	1	1	1	1	0	0	1	1	0	1	1	2	1	1	1	0	1	0	1	0	1
AC0103-C	UGS	gam	2	2	0	0	2	0	2	2	0	0	0	0	0	0	0	0	0	0	0	0	2	0	2	2	2	2	0	0	2	2	0	2	0	2	0	2	2	0	2	0	2	0	0
AC0104-C	UGS	gam	2	2	0	0	2	0	2	2	0	0	0	0	0	0	0	0	0	0	0	0	2	0	2	2	2	2	0	0	1	1	1	1	0	1	0	1	1	1	1	0	1	1	0
AC0106-C	UGS	gam	1	1	1	0	1	1	1	2	0	0	1	1	1	0	0	1	0	0	1	0	1	1	1	1	1	1	0	0	1	1	0	1	1	2	1	1	1	0	1	0	1	0	1
AC0107-C	UGS	gam	1	1	1	0	1	1	1	2	0	0	1	1	1	0	0	1	0	0	1	0	1	1	1	1	1	1	0	0	1	1	0	1	1	2	1	1	1	0	1	0	1	0	1
AC0108-C	UGS	gam	2	2	0	0	2	0	2	2	0	0	0	0	0	0	0	0	0	0	0	0	2	0	2	2	2	2	0	0	2	2	0	2	0	2	0	1	1	0	1	0	1	0	0
AC0109-C	UGS	gam	1	0	2	0	1	1	1	2	0	0	1	1	1	0	1	1	1	0	1	1	0	2	0	0	0	0	0	0	0	0	0	0	2	2	2	0	0	0	0	0	0	0	1
AC0110-C	UGS	gam	2	2	0	0	2	0	2	2	0	0	0	0	0	0	0	0	0	0	0	0	2	0	2	2	2	2	0	0	2	2	0	2	0	2	0	2	2	0	2	0	2	0	0
AC0111-C	UGS	gam	1	1	1	0	1	1	1	2	0	0	1	1	1	0	0	1	0	0	1	0	1	1	1	1	1	1	0	0	1	1	0	1	1	2	1	1	1	0	1	0	1	0	1
AC0112-C	UGS	gam	2	1	0	1	1	1	2	1	0	0	1	1	0	0	0	0	0	0	0	0	1	0	1	1	1	1	0	1	1	1	0	1	0	1	0	1	2	0	1	0	1	1	0
AC0113-C	UGS	gam	2	1	0	1	1	1	2	1	0	0	0	0	0	0	0	0	0	0	0	0	1	0	1	2	2	2	1	1	1	1	0	1	1	2	0	1	2	0	1	1	1	0	0
AC0114-C	UGS	gam	2	1	0	1	1	1	2	1	0	0	0	0	0	0	0	0	0	0	0	0	1	0	1	2	2	2	1	1	1	1	0	1	1	2	0	1	2	0	1	1	1	0	0
AC0115-C	UGS	gam	2	2	1	0	2	0	1	1	0	0	0	0	0	1	0	0	0	1	0	0	1	0	1	2	2	2	1	0	1	1	1	1	0	1	1	1	1	0	1	0	1	0	1
AC0116-C	UGS	gam	1	1	1	0	1	1	1	2	0	0	1	1	1	0	0	1	0	0	1	0	1	1	1	1	1	1	0	0	1	1	0	1	1	2	1	1	1	0	1	0	0	0	1
AC0117-C	UGS	gam	2	1	1	1	1	1	1	1	1	1	1	1	1	1	1	0	1	1	0	1	1	0	1	2	2	2	1	1	0	0	1	0	1	1	0	0	1	1	1	1	0	1	0
AC0118-C	UGS	gam	1	1	1	0	1	1	1	2	0	0	1	1	1	0	0	1	0	0	1	0	1	1	1	1	1	1	0	0	1	1	0	1	1	2	1	1	1	0	1	0	1	0	1
AC0119-C	UGS	gam	2	1	0	0	2	0	2	2	1	1	1	1	1	1	1	0	1	1	0	1	2	0	2	2	1	2	0	0	1	1	1	1	0	1	0	1	1	0	1	0	1	0	1
AC0120-C	UGS	gam	2	2	0	0	2	0	2	2	0	0	0	0	0	0	0	0	0	0	0	0	2	0	2	2	2	2	0	0	1	1	1	1	0	1	0	1	1	1	1	0	1	1	0
AC0121-C	UGS	gam	2	2	0	0	2	0	2	2	0	0	0	0	0	0	0	0	0	0	0	0	2	0	2	2	2	2	0	0	2	2	0	2	0	2	0	2	2	0	2	0	2	0	0
AC0122-C	UGS	gam	1	1	1	0	1	1	1	2	0	0	1	1	1	0	0	1	0	0	1	0	1	1	1	1	1	1	0	0	1	0	1	1	1	2	1	0	0	0	0	0	0	0	1
AC0123-C	UGS	gam	1	1	1	0	1	1	1	2	0	0	1	1	1	0	0	1	0	0	1	0	1	1	1	1	1	1	0	0	1	1	0	1	1	2	1	1	1	0	1	0	1	0	1
AC0124-C	UGS	gam	1	1	1	0	1	1	1	2	0	0	1	1	1	0	0	1	0	0	1	0	1	1	1	1	1	1	0	0	1	1	0	1	1	2	1	1	1	0	1	0	1	0	1
AC0125-C	UGS	gam	2	2	0	0	2	0	2	2	0	0	0	0	0	0	0	0	0	0	0	0	2	0	2	2	2	2	0	0	2	2	0	2	0	2	0	2	2	0	2	0	2	0	0
AC0126-C	UGS	gam	2	2	0	0	2	0	2	2	0	0	0	0	0	0	0	0	0	0	0	0	2	0	2	2	2	2	0	0	2	2	0	2	0	2	0	2	2	0	2	0	2	0	0
AC0127-C	UGS	gam	1	0	1	0	1	1	1	2	1	1	2	2	2	1	1	1	1	1	1	1	1	1	1	1	1	1	0	0	0	0	1	0	1	1	1	0	0	1	0	0	0	1	1
AC0128-C	UGS	gam	2	2	0	0	2	0	2	2	0	0	0	0	0	0	0	0	0	0	0	0	2	0	2	2	2	2	0	0	2	2	0	2	0	2	0	2	2	0	2	0	2	0	0
AC0129-C	UGS	gam	1	1	1	0	1	1	1	2	0	0	1	1	1	0	0	1	0	0	1	0	1	1	1	1	1	1	0	0	1	1	0	1	1	2	1	1	1	0	1	0	1	0	1
AC0130-C	UGS	gam	1	0	1	0	1	1	1	2	1	1	2	2	2	1	1	1	1	1	1	1	1	1	1	1	1	1	0	0	0	0	1	0	1	1	1	0	0	0	1	1	0	0	2
AC0131-C	UGS	gam	1	1	1	0	1	1	1	2	0	0	1	1	1	0	0	1	0	0	1	0	1	1	1	1	1	1	0	0	1	1	0	1	1	2	1	1	1	0	1	0	1	0	1
AC0132-C	UGS	gam	1	1	1	0	1	1	1	2	0	0	1	1	1	0	0	1	0	0	1	0	1	1	1	1	1	1	0	0	1	1	0	1	1	2	1	1	1	0	1	0	1	0	1
AC0133-C	UGS	gam	2	1	0	1	1	1	2	1	0	0	1	1	0	0	0	0	0	0	0	0	1	0	1	1	1	1	0	1	1	1	0	1	0	1	0	1	2	0	1	0	1	1	0
AC0135-C	UGS	gam	2	2	1	0	2	0	2	2	0	0	0	0	0	0	0	0	0	0	0	0	1	0	1	2	2	2	1	0	1	1	1	1	0	2	0	1	2	0	1	0	2	0	0
AC0136-C	UGS	gam	2	2	0	0	2	0	2	2	0	0	0	0	0	0	0	0	0	0	0	0	2	0	2	2	2	2	0	0	2	2	0	2	0	2	0	2	2	0	2	0	2	0	0
AC0137-C	UGS	gam	2	2	0	0	2	0	2	2	0	0	0	1	0	0	0	0	0	0	0	0	1	0	1	2	2	2	0	0	1	0	0	0	1	1	1	0	1	0	0	1	0	0	1
AC0138-C	UGS	gam	2	2	0	0	2	0	2	2	0	0	0	0	0	0	0	0	0	0	0	0	2	0	2	2	2	2	0	0	2	2	0	2	0	2	0	2	2	0	2	0	2	0	0
AC0139-C	UGS	gam	2	2	0	0	2	0	2	2	0	0	0	0	0	0	0	0	0	0	0	0	2	0	2	2	2	2	0	0	2	2	0	2	0	2	0	2	2	0	2	0	2	0	0
AC0140-C	UGS	gam	1	1	1	0	1	2	1	2	0	0	1	1	1	0	0	1	0	0	1	0	1	1	1	1	1	1	0	0	1	1	0	1	1	2	1	1	1	0	1	0	1	0	1
AC0142-C	UGS	gam	2	2	0	0	2	0	2	2	0	0	0	0	0	0	0	0	0	0	0	0	2	0	2	2	2	2	0	0	2	2	0	2	0	2	0	2	2	0	2	0	2	0	0
AC0143-C	UGS	gam	2	2	0	0	2	0	2	2	0	0	0	0	0	0	0	0	0	0	0	0	2	0	2	2	2	2	0	0	2	2	0	2	0	2	0	2	2	0	2	0	2	0	0
AC0144-C	UGS	gam	2	2	0	0	2	0	2	2	0	0	0	0	0	0	0	0	0	0	0	0	2	0	2	2	2	2	0	0	2	2	0	2	0	2	0	2	2	0	2	0	2	0	0
AC0145-C	UGS	gam	2	1	0	1	1	1	2	1	0	0	1	1	0	0	0	0	0	0	0	0	1	0	1	1	1	1	0	1	1	1	0	1	0	1	0	1	2	0	1	0	1	1	0
AC0147-C	UGS	gam	1	1	1	0	1	1	1	2	0	0	1	1	1	0	0	1	0	0	1	0	1	1	1	1	1	1	0	0	1	1	0	1	1	2	1	1	1	0	1	0	1	0	1
AC0148-C	UGS	gam	2	2	0	0	2	0	2	2	0	0	0	0	0	0	0	0	0	0	0	0	2	0	2	2	2	2	0	0	2	2	0	2	0	2	0	2	2	0	2	0	2	0	0
AC0149-C	UGS	gam	1	1	1	0	1	1	1	2	0	0	1	1	1	0	0	1	0	0	1	0	1	1	1	1	1	1	0	0	1	1	0	1	1	2	1	1	1	0	1	0	1	0	1
AC0150-C	UGS	gam	2	2	0	1	0	2	1	1	0	0	1	1	1	0	0	1	0	0	0	0	0	1	0	1	1	1	1	1	0	0	1	0	1	1	0	0	2	0	1	1	0	0	0
AC0151-C	UGS	gam	2	1	1	0	2	0	2	2	0	0	0	0	0	0	0	0	0	0	0	1	1	1	1	1	1	1	0	0	1	1	0	2	0	2	0	2	2	0	2	0	1	0	0
AC0152-C	UGS	gam	2	1	0	0	2	0	2	2	1	1	1	1	1	1	1	0	1	1	0	1	2	0	2	2	2	2	0	0	1	1	1	1	0	1	0	1	1	1	1	0	1	1	0
AC0153-C	UGS	gam	1	1	1	0	1	1	1	2	0	0	1	1	1	0	0	1	0	0	1	0	1	1	1	1	1	1	0	0	1	1	0	1	1	2	1	1	1	0	1	0	1	0	1
AC0154-C	UGS	gam	1	0	1	0	1	1	1	2	1	1	2	2	2	1	1	1	1	1	1	1	1	1	1	1	1	1	0	0	0	0	1	0	1	1	1	0	0	1	0	0	0	1	1
AC0156-C	UGS	gam	2	2	1	0	2	0	2	2	0	0	0	0	0	0	0	0	0	0	0	0	1	0	1	2	2	2	1	0	1	1	1	1	0	2	0	1	2	0	1	0	2	0	0
AC0158-C	UGS	gam	0	0	2	0	1	1	1	2	0	0	1	1	1	1	0	1	0	0	1	0	0	1	0	1	0	0	0	0	0	0	0	0	1	1	1	0	0	0	0	0	0	0	1
AC0159-C	UGS	gam	2	2	0	0	2	0	2	2	0	0	0	0	0	0	0	0	0	0	0	0	2	0	2	2	2	2	0	0	2	2	0	2	0	2	0	2	2	0	2	0	2	0	0
AC0160-C	UGS	gam	2	1	0	0	2	0	2	2	1	1	1	1	1	1	1	0	1	1	0	1	2	0	2	2	2	2	0	0	1	1	1	1	0	1	0	1	1	1	1	0	1	1	0
AC0161-C	UGS	gam	2	1	1	0	2	0	2	2	0	0	0	0	0	0	0	0	0	0	0	0	1	0	1	2	2	2	1	1	1	1	0	1	0	1	0	1	2	0	1	1	1	0	0
AC0162-C	UGS	gam	2	1	0	0	2	1	2	2	1	1	1	1	1	1	1	0	1	1	0	0	1	0	1	2	2	2	1	1	1	1	0	1	0	1	1	1	1	0	1	0	1	0	0
AC0163-C	UGS	gam	1	1	1	0	1	1	1	2	0	0	1	1	1	0	0	1	0	0	1	0	1	1	1	1	1	1	0	0	1	1	0	1	1	2	1	1	1	0	1	0	1	0	1
AC0164-C	UGS	gam	1	1	1	0	1	1	1	2	0	0	1	1	1	0	0	1	0	0	1	0	1	1	1	1	1	1	0	0	1	1	0	1	1	2	1	1	1	0	1	0	1	0	1
AC0166-C	UGS	gam	2	2	0	0	2	0	2	2	0	0	0	0	0	0	0	0	0	0	0	0	2	0	2	2	2	2	0	0	2	2	0	2	0	2	0	2	2	0	2	0	2	0	0
AC0167-C	UGS	gam	1	1	1	0	1	1	1	2	0	0	1	1	1	0	0	1	0	0	1	0	1	1	1	1	1	1	0	0	1	1	0	1	1	2	1	1	1	0	1	0	1	0	1
AC0168-C	UGS	gam	2	2	0	0	2	0	2	2	0	0	0	0	0	0	0	0	0	0	0	0	2	0	2	2	2	2	0	0	2	2	0	2	0	2	0	2	2	0	2	0	2	0	0
AC0169-C	UGS	gam	1	1	1	0	1	1	1	2	0	0	1	1	1	0	0	1	0	0	1	1	0	1	0	0	0	0	0	0	0	0	0	0	1	1	1	0	0	0	0	1	1	0	1
AC0170-C	UGS	gam	1	1	1	1	2	1	1	2	0	0	0	0	1	0	0	0	0	0	0	1	1	0	1	1	2	2	1	0	1	1	1	1	0	1	0	1	2	1	1	0	1	0	0
AC0171-C	UGS	gam	2	2	0	0	2	0	2	2	0	0	0	0	0	0	0	0	0	0	0	0	2	0	2	2	2	2	0	0	2	2	0	2	0	2	0	2	2	0	2	0	2	0	0
AC0172-C	UGS	gam	2	2	0	0	2	0	2	2	0	0	0	0	0	0	0	0	0	0	0	0	2	0	2	2	2	2	0	0	2	2	0	2	0	2	0	2	2	0	2	0	2	0	0
AC0173-C	UGS	gam	2	2	0	0	2	0	2	2	0	0	0	0	0	0	0	0	0	0	0	0	2	0	2	2	2	2	0	0	2	2	0	2	0	2	0	2	2	0	2	0	2	0	0
AC0174-C	UGS	gam	2	1	1	0	2	0	2	2	0	0	0	0	0	0	0	0	0	0	0	0	1	0	1	2	2	2	1	1	1	1	0	1	0	1	0	1	2	0	1	1	1	0	0
AC0176-C	UGS	gam	2	1	0	0	2	0	2	2	1	1	1	1	1	1	1	0	1	1	0	1	2	0	2	2	2	2	0	0	1	1	1	1	0	1	0	1	1	1	1	0	1	1	0
AC0178-C	UGS	gam	1	0	1	1	0	2	1	1	0	0	1	1	1	0	0	1	0	0	1	0	0	1	0	1	1	1	1	1	0	0	0	0	2	2	1	0	1	0	0	1	0	0	1
AC0179-C	UGS	gam	2	1	1	0	2	0	2	2	1	1	1	1	1	1	1	0	1	1	0	1	1	0	1	2	2	2	1	0	0	0	2	0	0	1	0	0	1	1	0	0	1	1	0
AC0180-C	UGS	gam	1	1	1	0	1	1	1	2	0	0	1	1	1	0	0	1	0	0	1	0	1	1	1	1	1	1	0	0	1	1	0	1	1	2	1	1	1	0	1	0	1	0	1
AC0181-C	UGS	gam	2	2	0	0	2	0	2	2	0	0	0	0	0	0	0	0	0	0	0	0	2	0	2	2	2	2	0	0	2	2	0	2	0	2	0	2	2	0	2	0	2	0	0
AC0182-C	UGS	gam	1	0	2	0	1	1	1	2	0	0	1	1	1	0	0	1	0	0	1	0	0	1	0	1	1	1	1	0	0	0	1	0	1	1	1	0	1	0	1	0	0	0	1
AC0183-C	UGS	gam	2	2	0	0	2	0	2	2	0	0	0	0	0	0	0	0	0	0	0	0	2	0	2	2	2	2	0	0	2	2	0	2	0	2	0	2	2	0	2	0	2	0	0
AC0184-C	UGS	gam	1	1	1	0	2	0	2	2	0	0	0	0	0	0	0	0	0	0	0	1	1	1	1	1	1	1	0	1	1	1	1	1	0	2	0	1	1	0	1	1	1	0	0
AC0186-C	UGS	gam	2	1	1	0	2	0	2	2	0	0	0	0	0	0	1	0	1	0	0	1	1	1	1	1	1	1	0	0	1	1	0	1	1	2	1	1	1	0	1	0	1	0	0
AC0187-C	UGS	gam	2	2	0	0	2	0	2	2	0	0	0	0	0	0	0	0	0	0	0	0	2	0	2	2	2	2	0	0	2	2	0	2	0	2	0	2	2	0	2	0	2	0	0
AC0188-C	UGS	gam	1	1	1	0	1	1	1	2	0	0	1	1	1	0	0	1	0	0	1	0	1	1	1	1	1	1	0	0	1	1	0	1	1	2	1	1	1	0	1	0	1	0	1
AC0189-C	UGS	gam	1	1	1	0	1	1	1	2	0	0	1	1	1	0	0	1	0	0	1	0	1	1	1	1	1	1	0	0	1	1	0	1	1	2	1	1	1	0	1	0	1	0	1
AC0190-C	UGS	gam	2	2	0	0	2	0	2	2	0	0	0	0	0	0	0	0	0	0	0	0	2	0	2	2	2	2	0	0	2	2	0	2	0	2	0	2	2	0	2	0	2	0	0
AC0191-C	UGS	gam	2	2	0	0	2	0	2	2	0	0	0	0	0	0	0	0	0	0	0	0	2	0	2	2	2	2	0	0	2	2	0	2	0	2	0	2	2	0	2	0	2	0	0
AC0192-C	UGS	gam	1	0	2	0	1	1	1	2	0	0	1	1	1	0	1	1	1	0	1	1	0	2	0	0	0	0	0	0	0	0	0	0	2	2	2	0	0	0	0	0	0	0	1
AC0193-C	UGS	gam	2	2	0	0	2	0	2	2	0	0	0	0	0	0	0	0	0	0	0	0	2	0	2	2	2	2	0	0	2	2	0	2	0	2	0	2	2	0	2	0	2	0	0
AC0194-C	UGS	gam	2	1	0	1	1	1	2	1	0	0	1	1	0	0	0	0	0	0	0	0	1	0	1	1	1	1	0	1	1	1	0	1	0	1	0	1	2	0	1	0	1	1	0
AC0195-C	UGS	gam	1	1	1	0	1	1	1	2	0	0	1	1	1	0	0	1	0	0	1	0	1	1	1	1	1	1	0	0	1	1	0	1	1	2	1	1	1	0	1	0	1	0	1
AC0196-C	UGS	gam	2	1	0	0	2	0	2	2	1	1	1	1	1	1	1	0	1	1	0	1	2	0	2	2	1	2	0	0	1	1	0	1	0	1	0	1	1	0	1	0	1	0	0
AC0197-C	UGS	gam	2	2	0	0	2	0	2	2	0	0	0	0	0	0	0	0	0	0	0	0	2	0	2	2	2	2	0	0	2	2	0	2	0	2	0	2	2	0	2	0	2	0	0
AC0199-C	UGS	gam	2	2	0	0	2	0	2	2	0	0	0	0	0	0	0	0	0	0	0	0	2	0	2	2	2	2	0	0	2	2	0	2	0	2	0	2	2	0	2	0	2	0	0
AC0200-C	UGS	gam	2	1	0	0	2	0	2	2	1	1	1	1	1	1	1	0	1	1	0	1	2	0	2	2	2	2	0	0	1	1	1	1	0	1	0	1	1	1	1	0	1	1	0
AC0201-C	UGS	gam	1	1	1	0	1	1	1	2	0	0	1	1	1	0	0	1	0	0	1	0	1	1	1	1	1	1	0	0	1	1	0	1	1	2	1	1	1	0	1	0	1	0	1
AC0202-C	UGS	gam	2	1	0	1	1	1	2	1	0	0	0	0	0	0	0	0	0	0	0	0	1	0	1	2	2	2	1	1	1	1	0	1	1	2	0	1	2	0	1	1	1	0	0
AC0203-C	UGS	gam	2	2	0	0	2	0	2	2	0	0	0	0	0	0	0	0	0	0	0	0	2	0	2	2	2	2	0	0	2	2	0	2	0	2	0	2	2	0	2	0	2	0	0
